graphNodes,density,expNo,delta,compressionRatio,executionTime,,,,,,,,,
32,80,1,0.5,1,0.076243,,,,,,,,,
32,80,1,0.6,1.061118,0.610726,,,,,,,,,
32,80,1,0.7,1.147679,0.936126,,,,,,,,,
32,80,1,0.8,1.249617,1.057493,,,,,,,,,
32,80,1,0.9,1.350993,1.178792,,,,,,,,,
32,80,1,1,1.409326,1.235297,,,,,,,,,
32,80,2,0.5,1,0.065172,,,,,,,,,
32,80,2,0.6,1.066841,0.695324,,,,,,,,,
32,80,2,0.7,1.15625,0.902543,,,,,,,,,`
32,80,2,0.8,1.242748,1.058807,,,,,,,,,
32,80,2,0.9,1.356667,1.182509,,,,,,,,,
32,80,2,1,1.423077,1.222022,,,,,,,,,
32,80,3,0.5,1,0.060634,,,,,,,,,
32,80,3,0.6,1.059211,0.700885,,,,,,,,,
32,80,3,0.7,1.151645,0.897343,,,,,,,,,
32,80,3,0.8,1.210526,1.053236,,,,,,,,,
32,80,3,0.9,1.355219,1.175765,,,,,,,,,
32,80,3,1,1.412281,1.177759,,,,,,,,,
32,80,4,0.5,1,0.077897,,,,,,,,,
32,80,4,0.6,1.059663,0.70887,,,,,,,,,
32,80,4,0.7,1.153955,0.908675,,,,,,,,,
32,80,4,0.8,1.243531,1.085196,,,,,,,,,
32,80,4,0.9,1.359401,1.184943,,,,,,,,,
32,80,4,1,1.433333,1.213066,,,,,,,,,
32,80,5,0.5,1,0.065633,,,,,,,,,
32,80,5,0.6,1.06274,0.681268,,,,,,,,,
32,80,5,0.7,1.157601,0.919335,,,,,,,,,
32,80,5,0.8,1.251885,1.066491,,,,,,,,,
32,80,5,0.9,1.369637,1.200221,,,,,,,,,
32,80,5,1,1.435986,1.204199,,,,,,,,,
32,80,6,0.5,1,0.067587,,,,,,,,,
32,80,6,0.6,1.087696,0.761138,,,,,,,,,
32,80,6,0.7,1.152566,0.909175,,,,,,,,,
32,80,6,0.8,1.23477,1.095685,,,,,,,,,
32,80,6,0.9,1.342488,1.196184,,,,,,,,,
32,80,6,1,1.435233,1.222594,,,,,,,,,
32,80,7,0.5,1,0.059151,,,,,,,,,
32,80,7,0.6,1.06291,0.697018,,,,,,,,,
32,80,7,0.7,1.151989,0.893447,,,,,,,,,
32,80,7,0.8,1.217718,1.011788,,,,,,,,,
32,80,7,0.9,1.325163,1.10915,,,,,,,,,
32,80,7,1,1.430335,1.200392,,,,,,,,,
32,80,8,0.5,1,0.062287,,,,,,,,,
32,80,8,0.6,1.085714,0.803928,,,,,,,,,
32,80,8,0.7,1.149931,0.917261,,,,,,,,,
32,80,8,0.8,1.251497,1.066772,,,,,,,,,
32,80,8,0.9,1.361564,1.169534,,,,,,,,,
32,80,8,1,1.464098,1.538657,,,,,,,,,
32,80,9,0.5,1,0.053951,,,,,,,,,
32,80,9,0.6,1.098425,0.611758,,,,,,,,,
32,80,9,0.7,1.1625,0.949251,,,,,,,,,
32,80,9,0.8,1.258647,1.079255,,,,,,,,,
32,80,9,0.9,1.345659,1.146911,,,,,,,,,
32,80,9,1,1.44062,1.233524,,,,,,,,,
32,80,10,0.5,1,0.063509,,,,,,,,,
32,80,10,0.6,1.05799,0.691156,,,,,,,,,
32,80,10,0.7,1.148252,0.919013,,,,,,,,,
32,80,10,0.8,1.251524,1.09233,,,,,,,,,
32,80,10,0.9,1.359272,1.173471,,,,,,,,,
32,80,10,1,1.43281,1.222483,,,,,,,,,
32,85,1,0.5,1,0.066415,,,,,,,,,
32,85,1,0.6,1.089172,0.752061,,,,,,,,,
32,85,1,0.7,1.155405,0.935454,,,,,,,,,
32,85,1,0.8,1.257353,1.079085,,,,,,,,,
32,85,1,0.9,1.374598,1.190804,,,,,,,,,
32,85,1,1,1.497373,1.252058,,,,,,,,,
32,85,2,0.5,1.030916,0.630593,,,,,,,,,
32,85,2,0.6,1.09194,0.787718,,,,,,,,,
32,85,2,0.7,1.160643,0.916539,,,,,,,,,
32,85,2,0.8,1.267544,1.099092,,,,,,,,,
32,85,2,0.9,1.354687,1.157441,,,,,,,,,
32,85,2,1,1.494828,1.235007,,,,,,,,,
32,85,3,0.5,1,0.076714,,,,,,,,,
32,85,3,0.6,1.094028,0.786465,,,,,,,,,
32,85,3,0.7,1.163514,0.917872,,,,,,,,,
32,85,3,0.8,1.268041,1.075767,,,,,,,,,
32,85,3,0.9,1.362342,1.156159,,,,,,,,,
32,85,3,1,1.492201,1.218526,,,,,,,,,
32,85,4,0.5,1.032105,0.593353,,,,,,,,,
32,85,4,0.6,1.09596,0.780434,,,,,,,,,
32,85,4,0.7,1.166667,0.931437,,,,,,,,,
32,85,4,0.8,1.285926,1.08206,,,,,,,,,
32,85,4,0.9,1.360502,1.167881,,,,,,,,,
32,85,4,1,1.496552,1.223485,,,,,,,,,
32,85,5,0.5,1.029481,0.592892,,,,,,,,,
32,85,5,0.6,1.088529,0.783439,,,,,,,,,
32,85,5,0.7,1.194254,1.006278,,,,,,,,,
32,85,5,0.8,1.267054,1.096166,,,,,,,,,
32,85,5,0.9,1.376972,1.166598,,,,,,,,,
32,85,5,1,1.5,1.238113,,,,,,,,,
32,85,6,0.5,1.03169,0.636514,,,,,,,,,
32,85,6,0.6,1.093284,0.776977,,,,,,,,,
32,85,6,0.7,1.192673,1.003984,,,,,,,,,
32,85,6,0.8,1.262931,1.103129,,,,,,,,,
32,85,6,0.9,1.384252,1.194311,,,,,,,,,
32,85,6,1,1.502564,1.248612,,,,,,,,,
32,85,7,0.5,1,0.060274,,,,,,,,,
32,85,7,0.6,1.098592,0.777338,,,,,,,,,
32,85,7,0.7,1.165761,0.914686,,,,,,,,,
32,85,7,0.8,1.272997,1.079044,,,,,,,,,
32,85,7,0.9,1.357595,1.15691,,,,,,,,,
32,85,7,1,1.484429,1.229306,,,,,,,,,
32,85,8,0.5,1.030697,0.605867,,,,,,,,,
32,85,8,0.6,1.095358,0.772008,,,,,,,,,
32,85,8,0.7,1.164,0.919455,,,,,,,,,
32,85,8,0.8,1.278185,1.088833,,,,,,,,,
32,85,8,0.9,1.368339,1.157031,,,,,,,,,
32,85,8,1,1.492308,1.239906,,,,,,,,,
32,85,9,0.5,1.032634,0.606147,,,,,,,,,
32,85,9,0.6,1.099256,0.797426,,,,,,,,,
32,85,9,0.7,1.171958,0.942307,,,,,,,,,
32,85,9,0.8,1.276657,1.093872,,,,,,,,,
32,85,9,0.9,1.40412,1.19396,,,,,,,,,
32,85,9,1,1.511945,1.227493,,,,,,,,,
32,85,10,0.5,1.030952,0.611056,,,,,,,,,
32,85,10,0.6,1.09068,0.789652,,,,,,,,,
32,85,10,0.7,1.162416,0.928491,,,,,,,,,
32,85,10,0.8,1.264234,1.101667,,,,,,,,,
32,85,10,0.9,1.394525,1.206714,,,,,,,,,
32,85,10,1,1.477816,1.236149,,,,,,,,,
32,90,1,0.5,1.063584,0.729508,,,,,,,,,
32,90,1,0.6,1.133005,0.869652,,,,,,,,,
32,90,1,0.7,1.210526,0.996769,,,,,,,,,
32,90,1,0.8,1.339156,1.176477,,,,,,,,,
32,90,1,0.9,1.446541,1.232773,,,,,,,,,
32,90,1,1,1.567291,1.257099,,,,,,,,,
32,90,2,0.5,1.031638,0.603572,,,,,,,,,
32,90,2,0.6,1.128554,0.87373,,,,,,,,,
32,90,2,0.7,1.243869,1.073684,,,,,,,,,
32,90,2,0.8,1.321274,1.142193,,,,,,,,,
32,90,2,0.9,1.415504,1.222694,,,,,,,,,
32,90,2,1,1.568729,1.295099,,,,,,,,,
32,90,3,0.5,1.062284,0.731954,,,,,,,,,
32,90,3,0.6,1.130061,0.889098,,,,,,,,,
32,90,3,0.7,1.239569,1.058686,,,,,,,,,
32,90,3,0.8,1.319484,1.143695,,,,,,,,,
32,90,3,0.9,1.416923,1.22622,,,,,,,,,
32,90,3,1,1.561017,1.313033,,,,,,,,,
32,90,4,0.5,1.030857,0.607329,,,,,,,,,
32,90,4,0.6,1.131744,0.880231,,,,,,,,,
32,90,4,0.7,1.207497,1.035813,,,,,,,,,
32,90,4,0.8,1.334319,1.12497,,,,,,,,,
32,90,4,0.9,1.422713,1.209238,,,,,,,,,
32,90,4,1,1.563258,1.261306,,,,,,,,,
32,90,5,0.5,1.030303,0.611718,,,,,,,,,
32,90,5,0.6,1.137546,0.879951,,,,,,,,,
32,90,5,0.7,1.214286,0.986009,,,,,,,,,
32,90,5,0.8,1.336245,1.138125,,,,,,,,,
32,90,5,0.9,1.443396,1.225279,,,,,,,,,
32,90,5,1,1.5533,1.272587,,,,,,,,,
32,90,6,0.5,1.031567,0.598323,,,,,,,,,
32,90,6,0.6,1.131026,0.862068,,,,,,,,,
32,90,6,0.7,1.24152,1.073544,,,,,,,,,
32,90,6,0.8,1.335766,1.154155,,,,,,,,,
32,90,6,0.9,1.427457,1.213967,,,,,,,,,
32,90,6,1,1.583045,1.312262,,,,,,,,,
32,90,7,0.5,1.063364,0.702858,,,,,,,,,
32,90,7,0.6,1.132515,0.880312,,,,,,,,,
32,90,7,0.7,1.247297,1.066421,,,,,,,,,
32,90,7,0.8,1.333815,1.168111,,,,,,,,,
32,90,7,0.9,1.426584,1.234897,,,,,,,,,
32,90,7,1,1.585911,1.284029,,,,,,,,,
32,90,8,0.5,1.063854,0.713087,,,,,,,,,
32,90,8,0.6,1.132282,0.879661,,,,,,,,,
32,90,8,0.7,1.248996,1.074927,,,,,,,,,
32,90,8,0.8,1.336676,1.15154,,,,,,,,,
32,90,8,0.9,1.435385,1.250465,,,,,,,,,
32,90,8,1,1.603093,1.294779,,,,,,,,,
32,90,9,0.5,1.063584,0.711725,,,,,,,,,
32,90,9,0.6,1.134402,0.882635,,,,,,,,,
32,90,9,0.7,1.208936,0.988634,,,,,,,,,
32,90,9,0.8,1.333333,1.14107,,,,,,,,,
32,90,9,0.9,1.435257,1.228685,,,,,,,,,
32,90,9,1,1.586207,1.283178,,,,,,,,,
32,90,10,0.5,1.063564,0.703049,,,,,,,,,
32,90,10,0.6,1.131642,0.898976,,,,,,,,,
32,90,10,0.7,1.251001,1.08744,,,,,,,,,
32,90,10,0.8,1.334758,1.15703,,,,,,,,,
32,90,10,0.9,1.437117,1.245877,,,,,,,,,
32,90,10,1,1.601709,1.330946,,,,,,,,,
32,95,1,0.5,1.064481,0.731933,,,,,,,,,
32,95,1,0.6,1.137851,0.894809,,,,,,,,,
32,95,1,0.7,1.261658,1.091708,,,,,,,,,
32,95,1,0.8,1.358438,1.195533,,,,,,,,,
32,95,1,0.9,1.538705,1.307142,,,,,,,,,
32,95,1,1,1.601974,1.307924,,,,,,,,,
32,95,2,0.5,1.062914,0.72483,,,,,,,,,
32,95,2,0.6,1.13161,0.899587,,,,,,,,,
32,95,2,0.7,1.255541,1.080036,,,,,,,,,
32,95,2,0.8,1.343096,1.180224,,,,,,,,,
32,95,2,0.9,1.516535,1.318794,,,,,,,,,
32,95,2,1,1.578689,1.28998,,,,,,,,,
32,95,3,0.5,1.0642,0.733045,,,,,,,,,
32,95,3,0.6,1.17407,1.000868,,,,,,,,,
32,95,3,0.7,1.263566,1.096376,,,,,,,,,
32,95,3,0.8,1.352697,1.212515,,,,,,,,,
32,95,3,0.9,1.535322,1.296602,,,,,,,,,
32,95,3,1,1.605911,1.308023,,,,,,,,,
32,95,4,0.5,1.065431,0.726062,,,,,,,,,
32,95,4,0.6,1.172869,0.98082,,,,,,,,,
32,95,4,0.7,1.262274,1.111876,,,,,,,,,
32,95,4,0.8,1.358832,1.19395,,,,,,,,,
32,95,4,0.9,1.538583,1.302483,,,,,,,,,
32,95,4,1,1.609555,1.304998,,,,,,,,,
32,95,5,0.5,1.064978,0.750578,,,,,,,,,
32,95,5,0.6,1.133646,0.904968,,,,,,,,,
32,95,5,0.7,1.255844,1.094484,,,,,,,,,
32,95,5,0.8,1.350559,1.196044,,,,,,,,,
32,95,5,0.9,1.530063,1.288507,,,,,,,,,
32,95,5,1,1.59571,1.288076,,,,,,,,,
32,95,6,0.5,1.062222,0.724319,,,,,,,,,
32,95,6,0.6,1.134045,0.883297,,,,,,,,,
32,95,6,0.7,1.251309,1.078403,,,,,,,,,
32,95,6,0.8,1.337063,1.189542,,,,,,,,,
32,95,6,0.9,1.496088,1.289689,,,,,,,,,
32,95,6,1,1.617597,1.32748,,,,,,,,,
32,95,7,0.5,1.063736,0.707969,,,,,,,,,
32,95,7,0.6,1.13615,0.909616,,,,,,,,,
32,95,7,0.7,1.26206,1.094934,,,,,,,,,
32,95,7,0.8,1.351955,1.184502,,,,,,,,,
32,95,7,0.9,1.526814,1.261827,,,,,,,,,
32,95,7,1,1.586885,1.282325,,,,,,,,,
32,95,8,0.5,1.063388,0.725822,,,,,,,,,
32,95,8,0.6,1.173703,1.001458,,,,,,,,,
32,95,8,0.7,1.253866,1.10377,,,,,,,,,
32,95,8,0.8,1.349515,1.180625,,,,,,,,,
32,95,8,0.9,1.520313,1.297905,,,,,,,,,
32,95,8,1,1.649153,1.33787,,,,,,,,,
32,95,9,0.5,1.06441,0.873989,,,,,,,,,
32,95,9,0.6,1.171875,0.980229,,,,,,,,,
32,95,9,0.7,1.254826,1.09842,,,,,,,,,
32,95,9,0.8,1.350415,1.196665,,,,,,,,,
32,95,9,0.9,1.528213,1.285211,,,,,,,,,
32,95,9,1,1.587948,1.299829,,,,,,,,,
32,95,10,0.5,1.063043,0.75184,,,,,,,,,
32,95,10,0.6,1.169856,0.988785,,,,,,,,,
32,95,10,0.7,1.255456,1.117075,,,,,,,,,
32,95,10,0.8,1.352697,1.195443,,,,,,,,,
32,95,10,0.9,1.528125,1.315468,,,,,,,,,
32,95,10,1,1.595432,1.305489,,,,,,,,,
32,98,1,0.5,1.096916,0.832041,,,,,,,,,
32,98,1,0.6,1.174528,1.003172,,,,,,,,,
32,98,1,0.7,1.262357,1.113598,,,,,,,,,
32,98,1,0.8,1.360656,1.210972,,,,,,,,,
32,98,1,0.9,1.546584,1.324394,,,,,,,,,
32,98,1,1,1.696763,1.365271,,,,,,,,,
32,98,2,0.5,1.098146,0.844705,,,,,,,,,
32,98,2,0.6,1.175029,1.004355,,,,,,,,,
32,98,2,0.7,1.265075,1.137414,,,,,,,,,
32,98,2,0.8,1.426346,1.253272,,,,,,,,,
32,98,2,0.9,1.56124,1.304878,,,,,,,,,
32,98,2,1,1.724315,1.368528,,,,,,,,,
32,98,3,0.5,1.097614,1.18344,,,,,,,,,
32,98,3,0.6,1.174014,1.009193,,,,,,,,,
32,98,3,0.7,1.312581,1.165316,,,,,,,,,
32,98,3,0.8,1.425352,1.249444,,,,,,,,,
32,98,3,0.9,1.559322,1.325938,,,,,,,,,
32,98,3,1,1.721088,1.362687,,,,,,,,,
32,98,4,0.5,1.097238,0.831479,,,,,,,,,
32,98,4,0.6,1.175148,0.998403,,,,,,,,,
32,98,4,0.7,1.261753,1.106967,,,,,,,,,
32,98,4,0.8,1.358413,1.21007,,,,,,,,,
32,98,4,0.9,1.546729,1.305649,,,,,,,,,
32,98,4,1,1.694539,1.365582,,,,,,,,,
32,98,5,0.5,1.098146,0.820689,,,,,,,,,
32,98,5,0.6,1.175029,0.990077,,,,,,,,,
32,98,5,0.7,1.263488,1.117015,,,,,,,,,
32,98,5,0.8,1.422316,1.275403,,,,,,,,,
32,98,5,0.9,1.554012,1.345173,,,,,,,,,
32,98,5,1,1.712585,1.367426,,,,,,,,,
32,98,6,0.5,1.098468,0.83717,,,,,,,,,
32,98,6,0.6,1.175644,1.001078,,,,,,,,,
32,98,6,0.7,1.264484,1.114882,,,,,,,,,
32,98,6,0.8,1.365986,1.210821,,,,,,,,,
32,98,6,0.9,1.559006,1.321719,,,,,,,,,
32,98,6,1,1.713311,1.329034,,,,,,,,,
32,98,7,0.5,1.098361,0.832591,,,,,,,,,
32,98,7,0.6,1.174065,1.003272,,,,,,,,,
32,98,7,0.7,1.260979,1.100394,,,,,,,,,
32,98,7,0.8,1.419492,1.23171,,,,,,,,,
32,98,7,0.9,1.550926,1.318123,,,,,,,,,
32,98,7,1,1.70339,1.367355,,,,,,,,,
32,98,8,0.5,1.097933,0.825079,,,,,,,,,
32,98,8,0.6,1.173256,1.009173,,,,,,,,,
32,98,8,0.7,1.313802,1.147823,,,,,,,,,
32,98,8,0.8,1.423131,1.244835,,,,,,,,,
32,98,8,0.9,1.552308,1.3271,,,,,,,,,
32,98,8,1,1.713073,1.349853,,,,,,,,,
32,98,9,0.5,1.098146,0.831129,,,,,,,,,
32,98,9,0.6,1.17366,1.007991,,,,,,,,,
32,98,9,0.7,1.263488,1.117546,,,,,,,,,
32,98,9,0.8,1.424328,1.259012,,,,,,,,,
32,98,9,0.9,1.554012,1.326979,,,,,,,,,
32,98,9,1,1.712585,1.349852,,,,,,,,,
32,98,10,0.5,1.098468,0.835487,,,,,,,,,
32,98,10,0.6,1.174269,1.025344,,,,,,,,,
32,98,10,0.7,1.262893,1.116284,,,,,,,,,
32,98,10,0.8,1.365986,1.207225,,,,,,,,,
32,98,10,0.9,1.556589,1.319446,,,,,,,,,
32,98,10,1,1.716239,1.338671,,,,,,,,,
64,80,1,0.5,1.05915,2.328488,,,,,,,,,
64,80,1,0.6,1.168349,4.643031,,,,,,,,,
64,80,1,0.7,1.263548,5.895359,,,,,,,,,
64,80,1,0.8,1.382089,6.867493,,,,,,,,,
64,80,1,0.9,1.53094,7.445748,,,,,,,,,
64,80,1,1,1.640182,7.810051,,,,,,,,,
64,80,2,0.5,1.056781,2.274006,,,,,,,,,
64,80,2,0.6,1.153737,4.314403,,,,,,,,,
64,80,2,0.7,1.26633,5.907723,,,,,,,,,
64,80,2,0.8,1.398454,6.919872,,,,,,,,,
64,80,2,0.9,1.525527,7.475313,,,,,,,,,
64,80,2,1,1.665985,7.757392,,,,,,,,,
64,80,3,0.5,1.056165,2.24978,,,,,,,,,
64,80,3,0.6,1.145638,4.250083,,,,,,,,,
64,80,3,0.7,1.243349,5.715903,,,,,,,,,
64,80,3,0.8,1.371601,6.52484,,,,,,,,,
64,80,3,0.9,1.515498,7.440507,,,,,,,,,
64,80,3,1,1.611562,7.584809,,,,,,,,,
64,80,4,0.5,1.057736,2.2655,,,,,,,,,
64,80,4,0.6,1.153928,4.462331,,,,,,,,,
64,80,4,0.7,1.282344,6.127876,,,,,,,,,
64,80,4,0.8,1.3924,6.890997,,,,,,,,,
64,80,4,0.9,1.528833,7.505409,,,,,,,,,
64,80,4,1,1.647802,7.786637,,,,,,,,,
64,80,5,0.5,1.071336,2.703902,,,,,,,,,
64,80,5,0.6,1.170723,4.733329,,,,,,,,,
64,80,5,0.7,1.291942,6.282535,,,,,,,,,
64,80,5,0.8,1.425687,7.101482,,,,,,,,,
64,80,5,0.9,1.536574,7.516521,,,,,,,,,
64,80,5,1,1.69683,7.87342,,,,,,,,,
64,80,6,0.5,1.058023,2.422174,,,,,,,,,
64,80,6,0.6,1.154989,4.346243,,,,,,,,,
64,80,6,0.7,1.285039,6.115773,,,,,,,,,
64,80,6,0.8,1.398458,6.893892,,,,,,,,,
64,80,6,0.9,1.527375,7.440518,,,,,,,,,
64,80,6,1,1.631184,7.487126,,,,,,,,,
64,80,7,0.5,1.072804,2.689085,,,,,,,,,
64,80,7,0.6,1.168148,4.676343,,,,,,,,,
64,80,7,0.7,1.284095,6.148765,,,,,,,,,
64,80,7,0.8,1.405475,7.010391,,,,,,,,,
64,80,7,0.9,1.540553,7.570221,,,,,,,,,
64,80,7,1,1.667174,7.775426,,,,,,,,,
64,80,8,0.5,1.075392,2.660692,,,,,,,,,
64,80,8,0.6,1.159395,4.417376,,,,,,,,,
64,80,8,0.7,1.276637,5.998714,,,,,,,,,
64,80,8,0.8,1.414163,7.000753,,,,,,,,,
64,80,8,0.9,1.554245,7.544753,,,,,,,,,
64,80,8,1,1.687148,7.775937,,,,,,,,,
64,80,9,0.5,1.074617,2.6605,,,,,,,,,
64,80,9,0.6,1.172414,4.689868,,,,,,,,,
64,80,9,0.7,1.291814,6.158122,,,,,,,,,
64,80,9,0.8,1.419716,6.824633,,,,,,,,,
64,80,9,0.9,1.544008,7.622069,,,,,,,,,
64,80,9,1,1.678372,7.781647,,,,,,,,,
64,80,10,0.5,1.075435,2.679326,,,,,,,,,
64,80,10,0.6,1.156614,4.363426,,,,,,,,,
64,80,10,0.7,1.269454,5.949892,,,,,,,,,
64,80,10,0.8,1.399488,7.008107,,,,,,,,,
64,80,10,0.9,1.547428,7.491263,,,,,,,,,
64,80,10,1,1.674668,7.7721,,,,,,,,,
64,85,1,0.5,1.092697,3.281576,,,,,,,,,
64,85,1,0.6,1.197742,5.259597,,,,,,,,,
64,85,1,0.7,1.333714,6.664553,,,,,,,,,
64,85,1,0.8,1.442522,7.295305,,,,,,,,,
64,85,1,0.9,1.61709,8.040533,,,,,,,,,
64,85,1,1,1.742658,8.166901,,,,,,,,,
64,85,2,0.5,1.092288,3.190836,,,,,,,,,
64,85,2,0.6,1.196676,5.157194,,,,,,,,,
64,85,2,0.7,1.31058,6.340023,,,,,,,,,
64,85,2,0.8,1.459459,7.364605,,,,,,,,,
64,85,2,0.9,1.602968,7.910781,,,,,,,,,
64,85,2,1,1.748988,8.139089,,,,,,,,,
64,85,3,0.5,1.097362,4.860408,,,,,,,,,
64,85,3,0.6,1.203583,5.273282,,,,,,,,,
64,85,3,0.7,1.317993,6.397943,,,,,,,,,
64,85,3,0.8,1.44799,7.284054,,,,,,,,,
64,85,3,0.9,1.609397,7.938962,,,,,,,,,
64,85,3,1,1.763756,8.222164,,,,,,,,,
64,85,4,0.5,1.091168,3.175887,,,,,,,,,
64,85,4,0.6,1.181289,4.895884,,,,,,,,,
64,85,4,0.7,1.310148,6.330385,,,,,,,,,
64,85,4,0.8,1.436849,7.246093,,,,,,,,,
64,85,4,0.9,1.584828,7.765547,,,,,,,,,
64,85,4,1,1.737399,8.019013,,,,,,,,,
64,85,5,0.5,1.094429,3.192589,,,,,,,,,
64,85,5,0.6,1.198139,5.19208,,,,,,,,,
64,85,5,0.7,1.311086,6.380329,,,,,,,,,
64,85,5,0.8,1.436777,7.22297,,,,,,,,,
64,85,5,0.9,1.614206,7.906121,,,,,,,,,
64,85,5,1,1.768566,8.155078,,,,,,,,,
64,85,6,0.5,1.092023,3.219479,,,,,,,,,
64,85,6,0.6,1.194845,5.218099,,,,,,,,,
64,85,6,0.7,1.325581,6.630539,,,,,,,,,
64,85,6,0.8,1.453595,7.419288,,,,,,,,,
64,85,6,0.9,1.603782,7.945526,,,,,,,,,
64,85,6,1,1.750755,8.184394,,,,,,,,,
64,85,7,0.5,1.109131,3.649276,,,,,,,,,
64,85,7,0.6,1.195887,5.30934,,,,,,,,,
64,85,7,0.7,1.350724,6.894053,,,,,,,,,
64,85,7,0.8,1.461475,7.509137,,,,,,,,,
64,85,7,0.9,1.607888,8.045523,,,,,,,,,
64,85,7,1,1.779729,8.327792,,,,,,,,,
64,85,8,0.5,1.094073,3.209461,,,,,,,,,
64,85,8,0.6,1.203519,5.235321,,,,,,,,,
64,85,8,0.7,1.311161,6.165717,,,,,,,,,
64,85,8,0.8,1.442928,7.283363,,,,,,,,,
64,85,8,0.9,1.598259,7.91089,,,,,,,,,
64,85,8,1,1.746246,8.151071,,,,,,,,,
64,85,9,0.5,1.094262,3.230901,,,,,,,,,
64,85,9,0.6,1.197309,5.217888,,,,,,,,,
64,85,9,0.7,1.310306,6.373386,,,,,,,,,
64,85,9,0.8,1.436078,7.323989,,,,,,,,,
64,85,9,0.9,1.593664,7.810071,,,,,,,,,
64,85,9,1,1.757468,8.248273,,,,,,,,,
64,85,10,0.5,1.090738,3.201105,,,,,,,,,
64,85,10,0.6,1.194225,5.221555,,,,,,,,,
64,85,10,0.7,1.311934,6.386521,,,,,,,,,
64,85,10,0.8,1.433168,7.257996,,,,,,,,,
64,85,10,0.9,1.599447,7.888659,,,,,,,,,
64,85,10,1,1.734398,8.100726,,,,,,,,,
64,90,1,0.5,1.114495,3.50214,,,,,,,,,
64,90,1,0.6,1.226542,5.643097,,,,,,,,,
64,90,1,0.7,1.35656,6.932986,,,,,,,,,
64,90,1,0.8,1.498158,7.588115,,,,,,,,,
64,90,1,0.9,1.639785,8.201816,,,,,,,,,
64,90,1,1,1.817279,8.506188,,,,,,,,,
64,90,2,0.5,1.113133,3.814736,,,,,,,,,
64,90,2,0.6,1.226195,5.649569,,,,,,,,,
64,90,2,0.7,1.349265,6.862595,,,,,,,,,
64,90,2,0.8,1.524086,7.84103,,,,,,,,,
64,90,2,0.9,1.668182,8.226554,,,,,,,,,
64,90,2,1,1.825871,8.519684,,,,,,,,,
64,90,3,0.5,1.132944,4.15756,,,,,,,,,
64,90,3,0.6,1.226729,5.67596,,,,,,,,,
64,90,3,0.7,1.361624,6.897861,,,,,,,,,
64,90,3,0.8,1.507969,7.715626,,,,,,,,,
64,90,3,0.9,1.684932,8.290083,,,,,,,,,
64,90,3,1,1.794747,8.473077,,,,,,,,,
64,90,4,0.5,1.130114,4.147231,,,,,,,,,
64,90,4,0.6,1.222629,5.6499,,,,,,,,,
64,90,4,0.7,1.349247,6.879778,,,,,,,,,
64,90,4,0.8,1.49898,7.655743,,,,,,,,,
64,90,4,0.9,1.670759,8.254827,,,,,,,,,
64,90,4,1,1.821517,8.522881,,,,,,,,,
64,90,5,0.5,1.129822,4.135709,,,,,,,,,
64,90,5,0.6,1.224693,5.674607,,,,,,,,,
64,90,5,0.7,1.353135,6.905135,,,,,,,,,
64,90,5,0.8,1.50061,7.722148,,,,,,,,,
64,90,5,0.9,1.666667,8.317716,,,,,,,,,
64,90,5,1,1.823123,8.550492,,,,,,,,,
64,90,6,0.5,1.113202,3.716092,,,,,,,,,
64,90,6,0.6,1.221445,5.651744,,,,,,,,,
64,90,6,0.7,1.368657,6.99274,,,,,,,,,
64,90,6,0.8,1.52579,7.873412,,,,,,,,,
64,90,6,0.9,1.64632,8.222256,,,,,,,,,
64,90,6,1,1.831253,8.51711,,,,,,,,,
64,90,7,0.5,1.116293,3.746188,,,,,,,,,
64,90,7,0.6,1.23154,5.646344,,,,,,,,,
64,90,7,0.7,1.366197,6.861924,,,,,,,,,
64,90,7,0.8,1.494122,7.589619,,,,,,,,,
64,90,7,0.9,1.666365,8.182031,,,,,,,,,
64,90,7,1,1.82385,8.439854,,,,,,,,,
64,90,8,0.5,1.13229,4.172198,,,,,,,,,
64,90,8,0.6,1.228847,5.684304,,,,,,,,,
64,90,8,0.7,1.357748,6.874357,,,,,,,,,
64,90,8,0.8,1.513126,7.683715,,,,,,,,,
64,90,8,0.9,1.662461,8.200906,,,,,,,,,
64,90,8,1,1.80922,8.452118,,,,,,,,,
64,90,9,0.5,1.132064,3.91207,,,,,,,,,
64,90,9,0.6,1.229076,5.669557,,,,,,,,,
64,90,9,0.7,1.357643,6.887882,,,,,,,,,
64,90,9,0.8,1.489293,7.612111,,,,,,,,,
64,90,9,0.9,1.651434,8.196678,,,,,,,,,
64,90,9,1,1.811302,8.45893,,,,,,,,,
64,90,10,0.5,1.113036,3.714178,,,,,,,,,
64,90,10,0.6,1.229195,5.650532,,,,,,,,,
64,90,10,0.7,1.362216,6.840444,,,,,,,,,
64,90,10,0.8,1.482396,7.555185,,,,,,,,,
64,90,10,0.9,1.65,8.10704,,,,,,,,,
64,90,10,1,1.804433,8.377287,,,,,,,,,
64,95,1,0.5,1.157628,4.716429,,,,,,,,,
64,95,1,0.6,1.263826,6.110714,,,,,,,,,
64,95,1,0.7,1.415816,7.367934,,,,,,,,,
64,95,1,0.8,1.567797,7.9795,,,,,,,,,
64,95,1,0.9,1.741372,8.574237,,,,,,,,,
64,95,1,1,1.874096,8.71493,,,,,,,,,
64,95,2,0.5,1.159266,4.769188,,,,,,,,,
64,95,2,0.6,1.268957,6.161159,,,,,,,,,
64,95,2,0.7,1.424518,7.430431,,,,,,,,,
64,95,2,0.8,1.584783,8.057216,,,,,,,,,
64,95,2,0.9,1.735047,8.481112,,,,,,,,,
64,95,2,1,1.900048,8.793188,,,,,,,,,
64,95,3,0.5,1.15637,4.758548,,,,,,,,,
64,95,3,0.6,1.286419,6.452135,,,,,,,,,
64,95,3,0.7,1.417391,7.443505,,,,,,,,,
64,95,3,0.8,1.570454,8.075321,,,,,,,,,
64,95,3,0.9,1.713535,8.498554,,,,,,,,,
64,95,3,1,1.927094,8.885119,,,,,,,,,
64,95,4,0.5,1.157317,4.751054,,,,,,,,,
64,95,4,0.6,1.263039,6.157783,,,,,,,,,
64,95,4,0.7,1.417303,7.391868,,,,,,,,,
64,95,4,0.8,1.569646,8.057387,,,,,,,,,
64,95,4,0.9,1.715354,8.488275,,,,,,,,,
64,95,4,1,1.879942,8.758742,,,,,,,,,
64,95,5,0.5,1.15589,4.788844,,,,,,,,,
64,95,5,0.6,1.286559,6.493182,,,,,,,,,
64,95,5,0.7,1.417964,7.430861,,,,,,,,,
64,95,5,0.8,1.569767,8.073036,,,,,,,,,
64,95,5,0.9,1.716352,8.509765,,,,,,,,,
64,95,5,1,1.88493,8.783239,,,,,,,,,
64,95,6,0.5,1.156641,4.726598,,,,,,,,,
64,95,6,0.6,1.265147,6.118639,,,,,,,,,
64,95,6,0.7,1.416484,7.425712,,,,,,,,,
64,95,6,0.8,1.571833,7.76053,,,,,,,,,
64,95,6,0.9,1.71026,9.100334,,,,,,,,,
64,95,6,1,1.867308,8.760766,,,,,,,,,
64,95,7,0.5,1.156799,4.74371,,,,,,,,,
64,95,7,0.6,1.263158,6.146382,,,,,,,,,
64,95,7,0.7,1.415878,7.367913,,,,,,,,,
64,95,7,0.8,1.569007,8.012232,,,,,,,,,
64,95,7,0.9,1.71353,8.443271,,,,,,,,,
64,95,7,1,1.874638,8.750548,,,,,,,,,
64,95,8,0.5,1.15791,4.726077,,,,,,,,,
64,95,8,0.6,1.266405,6.108911,,,,,,,,,
64,95,8,0.7,1.4214,7.357173,,,,,,,,,
64,95,8,0.8,1.546034,7.870105,,,,,,,,,
64,95,8,0.9,1.722469,8.146925,,,,,,,,,
64,95,8,1,1.88484,8.675757,,,,,,,,,
64,95,9,0.5,1.156648,4.747907,,,,,,,,,
64,95,9,0.6,1.264487,6.151511,,,,,,,,,
64,95,9,0.7,1.416757,7.407638,,,,,,,,,
64,95,9,0.8,1.573731,8.061645,,,,,,,,,
64,95,9,0.9,1.718434,8.471584,,,,,,,,,
64,95,9,1,1.883317,8.765926,,,,,,,,,
64,95,10,0.5,1.158692,4.741385,,,,,,,,,
64,95,10,0.6,1.26838,6.149137,,,,,,,,,
64,95,10,0.7,1.425594,7.3665,,,,,,,,,
64,95,10,0.8,1.581103,8.008956,,,,,,,,,
64,95,10,0.9,1.73135,8.441387,,,,,,,,,
64,95,10,1,1.90567,8.739998,,,,,,,,,
64,98,1,0.5,1.159792,4.872571,,,,,,,,,
64,98,1,0.6,1.297515,6.487221,,,,,,,,,
64,98,1,0.7,1.438126,7.51009,,,,,,,,,
64,98,1,0.8,1.611623,8.291756,,,,,,,,,
64,98,1,0.9,1.786317,8.712567,,,,,,,,,
64,98,1,1,1.937831,8.919505,,,,,,,,,
64,98,2,0.5,1.158849,4.898179,,,,,,,,,
64,98,2,0.6,1.294855,6.260065,,,,,,,,,
64,98,2,0.7,1.434628,7.502275,,,,,,,,,
64,98,2,0.8,1.606302,8.299672,,,,,,,,,
64,98,2,0.9,1.772447,8.768952,,,,,,,,,
64,98,2,1,1.977898,8.988304,,,,,,,,,
64,98,3,0.5,1.159734,4.905484,,,,,,,,,
64,98,3,0.6,1.295997,6.461954,,,,,,,,,
64,98,3,0.7,1.437008,7.452842,,,,,,,,,
64,98,3,0.8,1.610509,8.270977,,,,,,,,,
64,98,3,0.9,1.775763,8.690765,,,,,,,,,
64,98,3,1,1.924736,8.896571,,,,,,,,,
64,98,4,0.5,1.159896,4.899041,,,,,,,,,
64,98,4,0.6,1.297454,6.501648,,,,,,,,,
64,98,4,0.7,1.437857,7.488409,,,,,,,,,
64,98,4,0.8,1.611689,8.33588,,,,,,,,,
64,98,4,0.9,1.784575,8.743484,,,,,,,,,
64,98,4,1,1.934647,8.931707,,,,,,,,,
64,98,5,0.5,1.158625,4.655675,,,,,,,,,
64,98,5,0.6,1.294801,6.452917,,,,,,,,,
64,98,5,0.7,1.432143,7.471237,,,,,,,,,
64,98,5,0.8,1.602718,8.345337,,,,,,,,,
64,98,5,0.9,1.769638,8.719489,,,,,,,,,
64,98,5,1,1.911344,8.873007,,,,,,,,,
64,98,6,0.5,1.160451,4.863434,,,,,,,,,
64,98,6,0.6,1.298189,6.459629,,,,,,,,,
64,98,6,0.7,1.439226,7.488229,,,,,,,,,
64,98,6,0.8,1.612696,8.265258,,,,,,,,,
64,98,6,0.9,1.784,8.703409,,,,,,,,,
64,98,6,1,1.934458,8.855986,,,,,,,,,
64,98,7,0.5,1.158671,4.876649,,,,,,,,,
64,98,7,0.6,1.294897,6.464028,,,,,,,,,
64,98,7,0.7,1.433321,7.479894,,,,,,,,,
64,98,7,0.8,1.604884,8.282639,,,,,,,,,
64,98,7,0.9,1.769978,8.681919,,,,,,,,,
64,98,7,1,1.971963,8.951574,,,,,,,,,
64,98,8,0.5,1.159838,4.879244,,,,,,,,,
64,98,8,0.6,1.29845,6.470079,,,,,,,,,
64,98,8,0.7,1.437768,7.488901,,,,,,,,,
64,98,8,0.8,1.612515,8.284393,,,,,,,,,
64,98,8,0.9,1.782705,8.479218,,,,,,,,,
64,98,8,1,1.930836,8.704671,,,,,,,,,
64,98,9,0.5,1.158822,4.864277,,,,,,,,,
64,98,9,0.6,1.295352,6.457536,,,,,,,,,
64,98,9,0.7,1.434239,7.493148,,,,,,,,,
64,98,9,0.8,1.605842,8.281588,,,,,,,,,
64,98,9,0.9,1.774094,8.723476,,,,,,,,,
64,98,9,1,1.920096,8.917801,,,,,,,,,
64,98,10,0.5,1.160035,4.901857,,,,,,,,,
64,98,10,0.6,1.297742,6.475689,,,,,,,,,
64,98,10,0.7,1.437813,7.52078,,,,,,,,,
64,98,10,0.8,1.611133,8.284052,,,,,,,,,
64,98,10,0.9,1.783245,8.7146,,,,,,,,,
64,98,10,1,1.933205,8.894317,,,,,,,,,
128,80,1,0.5,1.143244,34.338214,,,,,,,,,
128,80,1,0.6,1.277848,51.962239,,,,,,,,,
128,80,1,0.7,1.430961,61.736087,,,,,,,,,
128,80,1,0.8,1.593111,66.012811,,,,,,,,,
128,80,1,0.9,1.677647,67.110219,,,,,,,,,
128,80,1,1,1.659566,66.657199,,,,,,,,,
128,80,2,0.5,1.145812,34.443281,,,,,,,,,
128,80,2,0.6,1.280449,51.502807,,,,,,,,,
128,80,2,0.7,1.431796,60.98096,,,,,,,,,
128,80,2,0.8,1.602123,65.798158,,,,,,,,,
128,80,2,0.9,1.684974,66.507489,,,,,,,,,
128,80,2,1,1.683677,66.372866,,,,,,,,,
128,80,3,0.5,1.14213,34.132308,,,,,,,,,
128,80,3,0.6,1.266427,50.55586,,,,,,,,,
128,80,3,0.7,1.429513,61.107789,,,,,,,,,
128,80,3,0.8,1.598084,65.566824,,,,,,,,,
128,80,3,0.9,1.66347,66.65185,,,,,,,,,
128,80,3,1,1.623409,66.03341,,,,,,,,,
128,80,4,0.5,1.142004,34.146605,,,,,,,,,
128,80,4,0.6,1.268188,50.591338,,,,,,,,,
128,80,4,0.7,1.42619,60.968617,,,,,,,,,
128,80,4,0.8,1.588954,65.880382,,,,,,,,,
128,80,4,0.9,1.657828,66.019804,,,,,,,,,
128,80,4,1,1.616006,66.22581,,,,,,,,,
128,80,5,0.5,1.15289,35.940089,,,,,,,,,
128,80,5,0.6,1.278501,51.848356,,,,,,,,,
128,80,5,0.7,1.429844,61.106245,,,,,,,,,
128,80,5,0.8,1.597428,66.608749,,,,,,,,,
128,80,5,0.9,1.679765,67.145456,,,,,,,,,
128,80,5,1,1.664686,67.592755,,,,,,,,,
128,80,6,0.5,1.153732,35.918109,,,,,,,,,
128,80,6,0.6,1.279235,51.676343,,,,,,,,,
128,80,6,0.7,1.439611,61.71121,,,,,,,,,
128,80,6,0.8,1.596678,66.493192,,,,,,,,,
128,80,6,0.9,1.692713,67.497006,,,,,,,,,
128,80,6,1,1.687292,67.764978,,,,,,,,,
128,80,7,0.5,1.14182,34.217347,,,,,,,,,
128,80,7,0.6,1.275418,51.766121,,,,,,,,,
128,80,7,0.7,1.426901,61.350213,,,,,,,,,
128,80,7,0.8,1.59295,66.181086,,,,,,,,,
128,80,7,0.9,1.661028,66.604842,,,,,,,,,
128,80,7,1,1.640166,67.060726,,,,,,,,,
128,80,8,0.5,1.146536,34.268002,,,,,,,,,
128,80,8,0.6,1.27038,50.828272,,,,,,,,,
128,80,8,0.7,1.432323,60.659186,,,,,,,,,
128,80,8,0.8,1.599072,65.849554,,,,,,,,,
128,80,8,0.9,1.697575,66.540671,,,,,,,,,
128,80,8,1,1.662645,66.626672,,,,,,,,,
128,80,9,0.5,1.15126,35.754391,,,,,,,,,
128,80,9,0.6,1.280539,52.155122,,,,,,,,,
128,80,9,0.7,1.436678,61.480037,,,,,,,,,
128,80,9,0.8,1.591505,66.174824,,,,,,,,,
128,80,9,0.9,1.681929,66.798074,,,,,,,,,
128,80,9,1,1.658321,66.850593,,,,,,,,,
128,80,10,0.5,1.142143,34.26691,,,,,,,,,
128,80,10,0.6,1.274462,51.703674,,,,,,,,,
128,80,10,0.7,1.430847,61.537094,,,,,,,,,
128,80,10,0.8,1.595614,66.125411,,,,,,,,,
128,80,10,0.9,1.663261,66.342418,,,,,,,,,
128,80,10,1,1.626702,66.284189,,,,,,,,,
128,85,1,0.5,1.180027,40.97183,,,,,,,,,
128,85,1,0.6,1.321121,55.599284,,,,,,,,,
128,85,1,0.7,1.477658,64.74399,,,,,,,,,
128,85,1,0.8,1.661309,69.586726,,,,,,,,,
128,85,1,0.9,1.838603,71.242382,,,,,,,,,
128,85,1,1,1.83353,71.243224,,,,,,,,,
128,85,2,0.5,1.180012,41.195459,,,,,,,,,
128,85,2,0.6,1.324224,56.141,,,,,,,,,
128,85,2,0.7,1.479801,64.69617,,,,,,,,,
128,85,2,0.8,1.662418,69.534929,,,,,,,,,
128,85,2,0.9,1.839947,71.114763,,,,,,,,,
128,85,2,1,1.864778,71.128379,,,,,,,,,
128,85,3,0.5,1.178307,40.853317,,,,,,,,,
128,85,3,0.6,1.318264,55.457637,,,,,,,,,
128,85,3,0.7,1.469758,64.49847,,,,,,,,,
128,85,3,0.8,1.648536,69.048646,,,,,,,,,
128,85,3,0.9,1.817478,70.965803,,,,,,,,,
128,85,3,1,1.809878,70.58562,,,,,,,,,
128,85,4,0.5,1.182249,41.154734,,,,,,,,,
128,85,4,0.6,1.325712,55.834415,,,,,,,,,
128,85,4,0.7,1.479407,64.825162,,,,,,,,,
128,85,4,0.8,1.65655,69.271755,,,,,,,,,
128,85,4,0.9,1.84389,71.201926,,,,,,,,,
128,85,4,1,1.845595,71.201064,,,,,,,,,
128,85,5,0.5,1.176595,40.888213,,,,,,,,,
128,85,5,0.6,1.315391,55.664977,,,,,,,,,
128,85,5,0.7,1.479098,64.977649,,,,,,,,,
128,85,5,0.8,1.65516,69.503059,,,,,,,,,
128,85,5,0.9,1.822173,71.232032,,,,,,,,,
128,85,5,1,1.827201,70.980021,,,,,,,,,
128,85,6,0.5,1.178544,41.03081,,,,,,,,,
128,85,6,0.6,1.31992,55.856766,,,,,,,,,
128,85,6,0.7,1.483085,64.953984,,,,,,,,,
128,85,6,0.8,1.659643,69.560037,,,,,,,,,
128,85,6,0.9,1.829288,71.204932,,,,,,,,,
128,85,6,1,1.839667,71.224058,,,,,,,,,
128,85,7,0.5,1.180664,41.160123,,,,,,,,,
128,85,7,0.6,1.322648,55.992221,,,,,,,,,
128,85,7,0.7,1.478897,64.574312,,,,,,,,,
128,85,7,0.8,1.662812,69.697183,,,,,,,,,
128,85,7,0.9,1.844465,71.074628,,,,,,,,,
128,85,7,1,1.833311,71.031717,,,,,,,,,
128,85,8,0.5,1.177945,41.044366,,,,,,,,,
128,85,8,0.6,1.317919,55.866905,,,,,,,,,
128,85,8,0.7,1.482255,64.892559,,,,,,,,,
128,85,8,0.8,1.65927,70.030108,,,,,,,,,
128,85,8,0.9,1.814245,71.071541,,,,,,,,,
128,85,8,1,1.823044,71.012771,,,,,,,,,
128,85,9,0.5,1.181703,41.027144,,,,,,,,,
128,85,9,0.6,1.322003,55.904436,,,,,,,,,
128,85,9,0.7,1.485426,64.593298,,,,,,,,,
128,85,9,0.8,1.653404,69.36478,,,,,,,,,
128,85,9,0.9,1.848669,71.107519,,,,,,,,,
128,85,9,1,1.872218,71.164447,,,,,,,,,
128,85,10,0.5,1.178559,41.086395,,,,,,,,,
128,85,10,0.6,1.319079,56.099872,,,,,,,,,
128,85,10,0.7,1.481446,65.097042,,,,,,,,,
128,85,10,0.8,1.670013,69.949646,,,,,,,,,
128,85,10,0.9,1.825104,71.367196,,,,,,,,,
128,85,10,1,1.842431,71.232103,,,,,,,,,
128,90,1,0.5,1.207436,45.781123,,,,,,,,,
128,90,1,0.6,1.370006,60.58153,,,,,,,,,
128,90,1,0.7,1.535993,68.185477,,,,,,,,,
128,90,1,0.8,1.710044,72.367984,,,,,,,,,
128,90,1,0.9,1.908608,74.760343,,,,,,,,,
128,90,1,1,2.064697,75.22771,,,,,,,,,
128,90,2,0.5,1.209015,45.668832,,,,,,,,,
128,90,2,0.6,1.369421,59.833657,,,,,,,,,
128,90,2,0.7,1.537287,67.852783,,,,,,,,,
128,90,2,0.8,1.70768,72.069214,,,,,,,,,
128,90,2,0.9,1.913553,74.682496,,,,,,,,,
128,90,2,1,2.059986,75.165863,,,,,,,,,
128,90,3,0.5,1.21069,45.86988,,,,,,,,,
128,90,3,0.6,1.360491,59.01371,,,,,,,,,
128,90,3,0.7,1.542041,68.603311,,,,,,,,,
128,90,3,0.8,1.711748,72.42977,,,,,,,,,
128,90,3,0.9,1.913444,75.009139,,,,,,,,,
128,90,3,1,2.070345,75.082167,,,,,,,,,
128,90,4,0.5,1.21178,45.695472,,,,,,,,,
128,90,4,0.6,1.363813,59.101784,,,,,,,,,
128,90,4,0.7,1.530504,67.479963,,,,,,,,,
128,90,4,0.8,1.710658,71.675906,,,,,,,,,
128,90,4,0.9,1.912238,74.596054,,,,,,,,,
128,90,4,1,2.10218,75.036991,,,,,,,,,
128,90,5,0.5,1.208433,45.939089,,,,,,,,,
128,90,5,0.6,1.358496,58.95537,,,,,,,,,
128,90,5,0.7,1.540872,68.186289,,,,,,,,,
128,90,5,0.8,1.716237,72.212582,,,,,,,,,
128,90,5,0.9,1.907004,74.291293,,,,,,,,,
128,90,5,1,2.058091,74.836275,,,,,,,,,
128,90,6,0.5,1.208025,45.481029,,,,,,,,,
128,90,6,0.6,1.367715,62.254509,,,,,,,,,
128,90,6,0.7,1.535054,67.84605,,,,,,,,,
128,90,6,0.8,1.705398,72.238071,,,,,,,,,
128,90,6,0.9,1.906072,75.132721,,,,,,,,,
128,90,6,1,2.047951,75.46778,,,,,,,,,
128,90,7,0.5,1.210164,45.830215,,,,,,,,,
128,90,7,0.6,1.360863,59.138343,,,,,,,,,
128,90,7,0.7,1.529948,67.693093,,,,,,,,,
128,90,7,0.8,1.717543,72.816916,,,,,,,,,
128,90,7,0.9,1.91815,74.754902,,,,,,,,,
128,90,7,1,2.080902,75.313771,,,,,,,,,
128,90,8,0.5,1.207857,45.783717,,,,,,,,,
128,90,8,0.6,1.368088,60.013014,,,,,,,,,
128,90,8,0.7,1.537882,68.254416,,,,,,,,,
128,90,8,0.8,1.708241,72.339531,,,,,,,,,
128,90,8,0.9,1.922554,74.874376,,,,,,,,,
128,90,8,1,2.05596,75.318149,,,,,,,,,
128,90,9,0.5,1.209042,45.778879,,,,,,,,,
128,90,9,0.6,1.372147,60.392977,,,,,,,,,
128,90,9,0.7,1.541966,68.694883,,,,,,,,,
128,90,9,0.8,1.721252,73.040115,,,,,,,,,
128,90,9,0.9,1.926153,75.124926,,,,,,,,,
128,90,9,1,2.088842,75.869072,,,,,,,,,
128,90,10,0.5,1.207117,45.765324,,,,,,,,,
128,90,10,0.6,1.370704,60.235652,,,,,,,,,
128,90,10,0.7,1.539433,68.180778,,,,,,,,,
128,90,10,0.8,1.720933,73.074008,,,,,,,,,
128,90,10,0.9,1.915001,74.652321,,,,,,,,,
128,90,10,1,2.083145,75.387098,,,,,,,,,
128,95,1,0.5,1.25412,51.391389,,,,,,,,,
128,95,1,0.6,1.406292,62.875985,,,,,,,,,
128,95,1,0.7,1.592487,70.965352,,,,,,,,,
128,95,1,0.8,1.782043,75.71309,,,,,,,,,
128,95,1,0.9,2.009532,77.848306,,,,,,,,,
128,95,1,1,2.219377,79.3264,,,,,,,,,
128,95,2,0.5,1.253807,51.348358,,,,,,,,,
128,95,2,0.6,1.404042,63.318846,,,,,,,,,
128,95,2,0.7,1.588668,70.30318,,,,,,,,,
128,95,2,0.8,1.774344,75.090802,,,,,,,,,
128,95,2,0.9,2.002703,78.032442,,,,,,,,,
128,95,2,1,2.203483,78.892314,,,,,,,,,
128,95,3,0.5,1.253606,51.452694,,,,,,,,,
128,95,3,0.6,1.404098,62.477828,,,,,,,,,
128,95,3,0.7,1.589618,70.470004,,,,,,,,,
128,95,3,0.8,1.778642,75.081796,,,,,,,,,
128,95,3,0.9,2.001801,77.876109,,,,,,,,,
128,95,3,1,2.202152,79.050412,,,,,,,,,
128,95,4,0.5,1.243312,50.083144,,,,,,,,,
128,95,4,0.6,1.417516,64.067952,,,,,,,,,
128,95,4,0.7,1.589911,70.813827,,,,,,,,,
128,95,4,0.8,1.776992,75.580662,,,,,,,,,
128,95,4,0.9,2.000257,78.06909,,,,,,,,,
128,95,4,1,2.207571,79.042787,,,,,,,,,
128,95,5,0.5,1.252791,51.428278,,,,,,,,,
128,95,5,0.6,1.41756,64.212874,,,,,,,,,
128,95,5,0.7,1.588349,71.068737,,,,,,,,,
128,95,5,0.8,1.775097,75.521741,,,,,,,,,
128,95,5,0.9,2.005916,77.755492,,,,,,,,,
128,95,5,1,2.212826,79.470941,,,,,,,,,
128,95,6,0.5,1.253233,51.720486,,,,,,,,,
128,95,6,0.6,1.417386,63.995195,,,,,,,,,
128,95,6,0.7,1.589002,71.068686,,,,,,,,,
128,95,6,0.8,1.776614,75.671212,,,,,,,,,
128,95,6,0.9,2.010048,78.208452,,,,,,,,,
128,95,6,1,2.212078,79.619549,,,,,,,,,
128,95,7,0.5,1.24352,50.059418,,,,,,,,,
128,95,7,0.6,1.406061,63.464109,,,,,,,,,
128,95,7,0.7,1.593113,70.795634,,,,,,,,,
128,95,7,0.8,1.780731,75.405683,,,,,,,,,
128,95,7,0.9,2.002577,77.934638,,,,,,,,,
128,95,7,1,2.209524,79.395068,,,,,,,,,
128,95,8,0.5,1.253885,51.576476,,,,,,,,,
128,95,8,0.6,1.405035,63.516748,,,,,,,,,
128,95,8,0.7,1.589304,71.142665,,,,,,,,,
128,95,8,0.8,1.780064,75.744919,,,,,,,,,
128,95,8,0.9,2.004893,78.631305,,,,,,,,,
128,95,8,1,2.213189,79.761695,,,,,,,,,
128,95,9,0.5,1.253368,51.346183,,,,,,,,,
128,95,9,0.6,1.404375,63.184083,,,,,,,,,
128,95,9,0.7,1.587941,70.672443,,,,,,,,,
128,95,9,0.8,1.773542,75.567167,,,,,,,,,
128,95,9,0.9,1.993585,78.058871,,,,,,,,,
128,95,9,1,2.22767,79.38013,,,,,,,,,
128,95,10,0.5,1.252124,51.857984,,,,,,,,,
128,95,10,0.6,1.41573,64.916744,,,,,,,,,
128,95,10,0.7,1.585871,71.01285,,,,,,,,,
128,95,10,0.8,1.795656,76.197569,,,,,,,,,
128,95,10,0.9,1.998976,78.716295,,,,,,,,,
128,95,10,1,2.2046,79.724025,,,,,,,,,
128,98,1,0.5,1.274614,54.198023,,,,,,,,,
128,98,1,0.6,1.440516,66.050942,,,,,,,,,
128,98,1,0.7,1.636197,73.097232,,,,,,,,,
128,98,1,0.8,1.835729,77.460138,,,,,,,,,
128,98,1,0.9,2.026445,79.464459,,,,,,,,,
128,98,1,1,2.255361,81.285766,,,,,,,,,
128,98,2,0.5,1.274088,54.07833,,,,,,,,,
128,98,2,0.6,1.441121,65.751842,,,,,,,,,
128,98,2,0.7,1.634637,73.044623,,,,,,,,,
128,98,2,0.8,1.835006,77.188197,,,,,,,,,
128,98,2,0.9,2.023259,79.523539,,,,,,,,,
128,98,2,1,2.253606,81.380402,,,,,,,,,
128,98,3,0.5,1.27396,54.338218,,,,,,,,,
128,98,3,0.6,1.440054,65.421512,,,,,,,,,
128,98,3,0.7,1.633232,72.547714,,,,,,,,,
128,98,3,0.8,1.831871,77.280941,,,,,,,,,
128,98,3,0.9,2.049088,79.901669,,,,,,,,,
128,98,3,1,2.246436,80.76625,,,,,,,,,
128,98,4,0.5,1.274176,54.012997,,,,,,,,,
128,98,4,0.6,1.441058,65.409759,,,,,,,,,
128,98,4,0.7,1.635633,72.970254,,,,,,,,,
128,98,4,0.8,1.83379,76.992681,,,,,,,,,
128,98,4,0.9,2.021758,79.299649,,,,,,,,,
128,98,4,1,2.248881,81.388177,,,,,,,,,
128,98,5,0.5,1.274202,54.614997,,,,,,,,,
128,98,5,0.6,1.439674,65.514927,,,,,,,,,
128,98,5,0.7,1.635209,73.144902,,,,,,,,,
128,98,5,0.8,1.832745,77.483262,,,,,,,,,
128,98,5,0.9,2.020967,79.246259,,,,,,,,,
128,98,5,1,2.249441,80.853955,,,,,,,,,
128,98,6,0.5,1.273534,54.0309,,,,,,,,,
128,98,6,0.6,1.43937,65.652234,,,,,,,,,
128,98,6,0.7,1.632172,72.858615,,,,,,,,,
128,98,6,0.8,1.828858,77.666224,,,,,,,,,
128,98,6,0.9,2.041926,79.62544,,,,,,,,,
128,98,6,1,2.273911,81.257582,,,,,,,,,
128,98,7,0.5,1.273657,53.999532,,,,,,,,,
128,98,7,0.6,1.439409,65.634401,,,,,,,,,
128,98,7,0.7,1.631739,72.506584,,,,,,,,,
128,98,7,0.8,1.828328,77.236748,,,,,,,,,
128,98,7,0.9,2.044657,79.804145,,,,,,,,,
128,98,7,1,2.239548,81.145119,,,,,,,,,
128,98,8,0.5,1.272619,54.096674,,,,,,,,,
128,98,8,0.6,1.438272,65.732164,,,,,,,,,
128,98,8,0.7,1.631189,73.084598,,,,,,,,,
128,98,8,0.8,1.826724,77.473223,,,,,,,,,
128,98,8,0.9,2.04308,79.382935,,,,,,,,,
128,98,8,1,2.272367,81.426178,,,,,,,,,
128,98,9,0.5,1.273983,54.043433,,,,,,,,,
128,98,9,0.6,1.439907,65.622899,,,,,,,,,
128,98,9,0.7,1.632109,72.577577,,,,,,,,,
128,98,9,0.8,1.828148,77.272796,,,,,,,,,
128,98,9,0.9,2.039929,79.311381,,,,,,,,,
128,98,9,1,2.234573,80.937472,,,,,,,,,
128,98,10,0.5,1.273297,53.946041,,,,,,,,,
128,98,10,0.6,1.438105,65.77273,,,,,,,,,
128,98,10,0.7,1.630777,72.682764,,,,,,,,,
128,98,10,0.8,1.826715,77.054016,,,,,,,,,
128,98,10,0.9,2.044962,79.97725,,,,,,,,,
128,98,10,1,2.268617,81.249306,,,,,,,,,
