graphNodes,density,expNo,delta,compressionRatio,executionTime,readTime,writeTime
2048,80,1, 0.50, 1.915630, 3.232283, 2.928725, 0.093666
2048,80,1, 0.60, 2.052527, 0.926161, 0.540936, 0.177608
2048,80,1, 0.70, 2.352459, 1.901788, 0.525634, 1.127939
2048,80,1, 0.80, 2.612928, 0.972168, 0.522444, 0.116406
2048,80,1, 0.90, 2.889457, 1.134402, 0.530642, 0.116730
2048,80,1, 1.00, 3.086873, 1.367315, 0.522536, 0.118477
2048,80,1, 0.50, 1.915325, 0.881945, 0.530201, 0.140067
2048,80,1, 0.60, 2.052164, 0.848652, 0.531366, 0.110605
2048,80,1, 0.70, 2.353466, 0.901691, 0.531083, 0.116885
2048,80,1, 0.80, 2.613048, 0.964355, 0.515749, 0.115718
2048,80,1, 0.90, 2.889992, 1.147407, 0.533455, 0.118448
2048,80,1, 1.00, 3.087172, 1.364459, 0.517031, 0.119387
2048,80,1, 0.50, 1.915153, 0.831524, 0.523878, 0.096320
2048,80,1, 0.60, 2.051566, 0.860616, 0.545288, 0.109908
2048,80,1, 0.70, 2.354512, 0.921927, 0.551459, 0.117707
2048,80,1, 0.80, 2.612704, 0.982338, 0.526207, 0.116351
2048,80,1, 0.90, 2.889069, 1.142304, 0.530546, 0.117982
2048,80,1, 1.00, 3.086129, 1.416252, 0.533394, 0.149666
2048,80,1, 0.50, 1.915469, 0.938161, 0.515572, 0.202995
2048,80,1, 0.60, 2.052461, 0.848235, 0.529537, 0.110522
2048,80,1, 0.70, 2.353217, 0.903530, 0.536303, 0.116757
2048,80,1, 0.80, 2.613545, 0.977885, 0.524699, 0.117009
2048,80,1, 0.90, 2.889526, 1.118760, 0.511576, 0.116924
2048,80,1, 1.00, 3.085329, 1.448132, 0.533112, 0.124895
2048,80,1, 0.50, 1.915679, 0.893395, 0.531528, 0.151930
2048,80,1, 0.60, 2.051455, 0.845655, 0.525852, 0.110948
2048,80,1, 0.70, 2.354505, 0.901350, 0.531913, 0.116375
2048,80,1, 0.80, 2.613093, 0.994923, 0.523532, 0.135916
2048,80,1, 0.90, 2.888690, 1.147775, 0.536832, 0.117720
2048,80,1, 1.00, 3.087595, 1.383503, 0.536442, 0.119264
2048,85,1, 0.50, 2.095647, 3.623295, 3.328274, 0.097031
2048,85,1, 0.60, 2.209104, 0.867436, 0.556781, 0.106780
2048,85,1, 0.70, 2.521650, 0.927700, 0.567037, 0.113599
2048,85,1, 0.80, 2.777900, 1.030274, 0.580161, 0.116436
2048,85,1, 0.90, 3.056867, 1.202539, 0.573703, 0.120244
2048,85,1, 1.00, 3.233067, 1.389652, 0.556765, 0.120879
2048,85,1, 0.50, 2.095677, 0.879740, 0.564455, 0.098363
2048,85,1, 0.60, 2.205911, 0.872474, 0.557661, 0.107167
2048,85,1, 0.70, 2.518842, 0.944096, 0.572157, 0.119180
2048,85,1, 0.80, 2.778448, 1.018943, 0.568527, 0.116382
2048,85,1, 0.90, 3.054649, 1.186333, 0.572536, 0.118758
2048,85,1, 1.00, 3.232695, 1.406029, 0.569427, 0.122398
2048,85,1, 0.50, 2.096084, 0.889215, 0.557130, 0.135720
2048,85,1, 0.60, 2.208610, 0.882606, 0.566734, 0.107339
2048,85,1, 0.70, 2.521078, 0.911131, 0.551316, 0.114260
2048,85,1, 0.80, 2.778054, 1.007113, 0.562065, 0.114731
2048,85,1, 0.90, 3.057095, 1.184242, 0.574658, 0.118717
2048,85,1, 1.00, 3.232668, 1.415438, 0.554386, 0.149139
2048,85,1, 0.50, 2.096216, 0.846430, 0.550827, 0.097683
2048,85,1, 0.60, 2.207919, 0.860305, 0.552333, 0.105443
2048,85,1, 0.70, 2.520299, 0.930500, 0.565022, 0.115227
2048,85,1, 0.80, 2.777176, 1.008220, 0.559080, 0.115527
2048,85,1, 0.90, 3.057216, 1.170934, 0.557510, 0.120581
2048,85,1, 1.00, 3.231953, 1.495778, 0.565970, 0.218589
2048,85,1, 0.50, 2.095281, 0.907755, 0.555794, 0.154453
2048,85,1, 0.60, 2.209221, 0.877728, 0.561484, 0.108251
2048,85,1, 0.70, 2.520336, 0.926628, 0.557756, 0.116181
2048,85,1, 0.80, 2.778695, 1.021001, 0.575186, 0.115358
2048,85,1, 0.90, 3.055971, 1.177650, 0.562544, 0.121482
2048,85,1, 1.00, 3.233891, 1.401965, 0.565626, 0.125265
2048,90,1, 0.50, 2.204899, 4.013793, 3.749814, 0.086049
2048,90,1, 0.60, 2.511738, 0.877612, 0.589841, 0.100598
2048,90,1, 0.70, 2.743918, 0.920967, 0.590905, 0.109941
2048,90,1, 0.80, 2.980872, 0.997367, 0.599331, 0.113480
2048,90,1, 0.90, 3.277078, 1.172578, 0.613022, 0.116215
2048,90,1, 1.00, 3.471506, 1.399674, 0.597980, 0.120101
2048,90,1, 0.50, 2.204543, 0.923181, 0.600312, 0.087232
2048,90,1, 0.60, 2.509641, 0.886259, 0.597580, 0.101155
2048,90,1, 0.70, 2.745344, 0.923947, 0.594414, 0.110412
2048,90,1, 0.80, 2.979484, 1.010949, 0.611854, 0.113003
2048,90,1, 0.90, 3.276077, 1.164774, 0.602682, 0.116752
2048,90,1, 1.00, 3.465932, 1.390532, 0.598384, 0.118950
2048,90,1, 0.50, 2.204663, 0.851587, 0.585062, 0.085928
2048,90,1, 0.60, 2.510035, 0.873224, 0.584093, 0.101458
2048,90,1, 0.70, 2.744035, 0.971411, 0.598495, 0.151548
2048,90,1, 0.80, 2.980677, 1.007301, 0.608694, 0.112943
2048,90,1, 0.90, 3.280042, 1.164717, 0.597958, 0.122747
2048,90,1, 1.00, 3.465592, 1.394565, 0.602626, 0.119104
2048,90,1, 0.50, 2.204721, 0.858297, 0.594007, 0.086119
2048,90,1, 0.60, 2.511549, 0.953107, 0.591746, 0.100608
2048,90,1, 0.70, 2.745137, 0.924846, 0.595220, 0.109884
2048,90,1, 0.80, 2.980814, 1.007162, 0.609038, 0.113511
2048,90,1, 0.90, 3.277448, 1.148333, 0.587150, 0.116558
2048,90,1, 1.00, 3.469040, 1.401024, 0.611722, 0.118987
2048,90,1, 0.50, 2.206151, 0.882456, 0.597617, 0.086154
2048,90,1, 0.60, 2.509836, 0.936085, 0.608035, 0.141761
2048,90,1, 0.70, 2.746045, 0.936763, 0.607228, 0.109763
2048,90,1, 0.80, 2.979619, 1.010908, 0.605339, 0.115229
2048,90,1, 0.90, 3.275927, 1.214713, 0.617566, 0.150906
2048,90,1, 1.00, 3.466212, 1.394685, 0.601712, 0.119041
2048,95,1, 0.50, 2.860257, 4.345394, 4.129700, 0.079312
2048,95,1, 0.60, 3.013670, 0.860777, 0.626405, 0.077138
2048,95,1, 0.70, 3.248422, 0.886120, 0.626939, 0.085618
2048,95,1, 0.80, 3.542901, 0.980964, 0.630370, 0.118079
2048,95,1, 0.90, 3.809754, 1.076231, 0.633443, 0.101322
2048,95,1, 1.00, 4.004974, 1.283479, 0.622986, 0.107745
2048,95,1, 0.50, 2.861835, 0.843944, 0.619369, 0.082603
2048,95,1, 0.60, 3.011165, 0.853659, 0.620392, 0.077399
2048,95,1, 0.70, 3.248512, 0.887001, 0.629446, 0.085609
2048,95,1, 0.80, 3.544404, 0.961932, 0.634994, 0.095353
2048,95,1, 0.90, 3.810355, 1.310726, 0.630778, 0.310772
2048,95,1, 1.00, 4.004950, 1.305664, 0.644732, 0.106546
2048,95,1, 0.50, 2.860512, 0.852674, 0.628190, 0.080446
2048,95,1, 0.60, 3.012494, 0.859768, 0.625650, 0.077051
2048,95,1, 0.70, 3.249336, 0.903685, 0.642449, 0.085932
2048,95,1, 0.80, 3.543758, 0.951012, 0.622634, 0.095880
2048,95,1, 0.90, 3.808804, 1.079166, 0.636498, 0.100550
2048,95,1, 1.00, 4.006754, 1.292206, 0.622651, 0.105906
2048,95,1, 0.50, 2.860266, 0.864296, 0.639713, 0.081807
2048,95,1, 0.60, 3.015118, 0.865544, 0.631570, 0.078516
2048,95,1, 0.70, 3.246861, 0.887108, 0.626542, 0.086578
2048,95,1, 0.80, 3.544278, 0.964730, 0.636740, 0.096447
2048,95,1, 0.90, 3.811237, 1.096205, 0.627426, 0.101698
2048,95,1, 1.00, 4.005119, 1.290526, 0.631953, 0.105881
2048,95,1, 0.50, 2.861753, 0.878339, 0.629875, 0.081629
2048,95,1, 0.60, 3.011244, 0.875271, 0.642916, 0.076938
2048,95,1, 0.70, 3.248589, 0.888093, 0.627989, 0.086054
2048,95,1, 0.80, 3.543351, 0.955314, 0.630107, 0.094696
2048,95,1, 0.90, 3.812911, 1.064665, 0.621232, 0.100481
2048,95,1, 1.00, 4.007036, 1.285864, 0.630571, 0.106358
2048,98,1, 0.50, 3.791130, 4.379000, 4.195500, 0.093299
2048,98,1, 0.60, 4.032808, 0.828211, 0.653196, 0.076896
2048,98,1, 0.70, 4.122844, 0.816068, 0.643757, 0.065190
2048,98,1, 0.80, 4.503335, 0.856802, 0.653779, 0.067117
2048,98,1, 0.90, 4.839026, 0.903914, 0.638842, 0.073954
2048,98,1, 1.00, 5.061395, 1.015067, 0.639701, 0.081417
2048,98,1, 0.50, 3.791494, 0.834498, 0.647842, 0.094658
2048,98,1, 0.60, 4.030751, 0.815708, 0.640747, 0.077342
2048,98,1, 0.70, 4.117269, 0.826580, 0.651864, 0.069978
2048,98,1, 0.80, 4.503173, 0.848475, 0.644923, 0.067069
2048,98,1, 0.90, 4.835275, 0.915681, 0.647786, 0.073755
2048,98,1, 1.00, 5.074505, 1.019997, 0.645908, 0.080473
2048,98,1, 0.50, 3.792068, 0.835477, 0.649639, 0.094653
2048,98,1, 0.60, 4.030869, 0.820153, 0.646970, 0.077257
2048,98,1, 0.70, 4.125004, 0.826984, 0.657394, 0.064772
2048,98,1, 0.80, 4.501614, 0.872359, 0.668308, 0.067102
2048,98,1, 0.90, 4.839083, 0.916909, 0.645458, 0.074315
2048,98,1, 1.00, 5.066355, 1.038702, 0.664676, 0.081095
2048,98,1, 0.50, 3.792376, 0.824089, 0.638247, 0.094060
2048,98,1, 0.60, 4.030771, 0.820497, 0.644442, 0.078418
2048,98,1, 0.70, 4.121504, 0.830531, 0.659121, 0.064735
2048,98,1, 0.80, 4.497910, 0.858949, 0.652696, 0.067570
2048,98,1, 0.90, 4.836703, 0.905996, 0.637280, 0.075044
2048,98,1, 1.00, 5.066267, 1.012388, 0.636845, 0.080856
2048,98,1, 0.50, 3.791172, 0.853445, 0.668204, 0.094191
2048,98,1, 0.60, 4.033282, 0.829073, 0.656521, 0.076756
2048,98,1, 0.70, 4.121603, 0.826751, 0.655261, 0.065791
2048,98,1, 0.80, 4.499308, 0.840680, 0.635988, 0.067901
2048,98,1, 0.90, 4.837933, 0.920113, 0.650831, 0.074392
2048,98,1, 1.00, 5.066885, 1.022987, 0.644810, 0.081836
4096,80,1, 0.50, 1.918337, 3.714633, 2.251136, 0.376283
4096,80,1, 0.60, 2.231403, 4.007591, 2.101233, 0.451006
4096,80,1, 0.70, 2.521811, 4.651498, 2.136356, 0.460197
4096,80,1, 0.80, 2.873356, 5.911206, 2.080382, 0.466683
4096,80,1, 0.90, 3.168317, 8.038458, 2.098532, 0.468465
4096,80,1, 1.00, 3.414395, 11.826547, 2.117548, 0.484149
4096,80,1, 0.50, 1.918123, 3.604892, 2.083925, 0.382902
4096,80,1, 0.60, 2.232155, 3.977919, 2.061232, 0.452016
4096,80,1, 0.70, 2.522157, 4.650681, 2.120214, 0.459423
4096,80,1, 0.80, 2.873532, 6.016725, 2.134503, 0.462568
4096,80,1, 0.90, 3.168455, 8.100463, 2.080538, 0.467799
4096,80,1, 1.00, 3.414280, 11.786650, 2.097041, 0.492123
4096,80,1, 0.50, 1.918654, 4.256989, 2.082930, 0.376824
4096,80,1, 0.60, 2.231632, 3.914999, 2.083123, 0.452535
4096,80,1, 0.70, 2.522225, 4.662707, 2.104881, 0.514055
4096,80,1, 0.80, 2.873682, 5.880774, 2.061117, 0.460450
4096,80,1, 0.90, 3.177712, 8.244078, 2.182645, 0.464618
4096,80,1, 1.00, 3.414775, 11.796002, 2.076344, 0.484598
4096,80,1, 0.50, 1.918595, 3.645096, 2.135598, 0.376878
4096,80,1, 0.60, 2.231823, 4.019709, 2.151840, 0.451607
4096,80,1, 0.70, 2.522804, 4.663150, 2.087545, 0.493259
4096,80,1, 0.80, 2.873939, 5.976212, 2.090488, 0.464964
4096,80,1, 0.90, 3.169183, 7.137044, 2.104967, 0.461818
4096,80,1, 1.00, 3.416770, 11.905831, 2.143061, 0.483529
4096,80,1, 0.50, 1.918647, 3.653873, 2.161729, 0.374265
4096,80,1, 0.60, 2.231065, 4.041623, 2.135374, 0.455855
4096,80,1, 0.70, 2.521821, 4.604634, 2.112827, 0.462505
4096,80,1, 0.80, 2.874028, 5.912273, 2.091928, 0.469576
4096,80,1, 0.90, 3.169698, 7.992958, 2.152310, 0.469002
4096,80,1, 1.00, 3.414957, 11.715592, 2.106874, 0.484141
4096,85,1, 0.50, 2.097841, 3.825349, 2.366907, 0.387801
4096,85,1, 0.60, 2.403558, 4.069316, 2.218371, 0.444072
4096,85,1, 0.70, 2.687016, 4.788077, 2.302151, 0.458900
4096,85,1, 0.80, 3.010205, 6.091424, 2.312498, 0.460371
4096,85,1, 0.90, 3.327887, 8.052654, 2.205390, 0.475623
4096,85,1, 1.00, 3.573534, 11.730151, 2.233355, 0.498913
4096,85,1, 0.50, 2.097455, 3.663554, 2.190604, 0.386855
4096,85,1, 0.60, 2.402366, 4.101987, 2.254557, 0.445759
4096,85,1, 0.70, 2.687183, 4.812363, 2.298278, 0.458881
4096,85,1, 0.80, 3.011515, 5.923850, 2.237506, 0.458077
4096,85,1, 0.90, 3.326874, 8.189519, 2.226111, 0.567196
4096,85,1, 1.00, 3.574001, 11.637774, 2.285768, 0.494543
4096,85,1, 0.50, 2.097385, 3.685680, 2.197650, 0.385806
4096,85,1, 0.60, 2.402718, 4.095304, 2.249560, 0.444347
4096,85,1, 0.70, 2.687811, 4.883418, 2.305854, 0.506500
4096,85,1, 0.80, 3.011163, 6.004787, 2.315285, 0.525727
4096,85,1, 0.90, 3.327838, 8.109855, 2.200814, 0.475470
4096,85,1, 1.00, 3.572753, 10.522301, 2.236651, 0.520287
4096,85,1, 0.50, 2.097656, 3.791913, 2.250197, 0.385551
4096,85,1, 0.60, 2.402708, 4.119307, 2.238983, 0.447086
4096,85,1, 0.70, 2.688046, 4.866090, 2.266635, 0.458819
4096,85,1, 0.80, 3.011267, 5.968470, 2.212938, 0.459897
4096,85,1, 0.90, 3.327742, 8.284136, 2.218950, 0.474313
4096,85,1, 1.00, 3.573924, 11.991358, 2.195394, 0.501520
4096,85,1, 0.50, 2.097586, 3.658017, 2.205461, 0.393075
4096,85,1, 0.60, 2.402802, 4.144552, 2.272821, 0.480424
4096,85,1, 0.70, 2.686862, 4.814189, 2.223090, 0.465845
4096,85,1, 0.80, 3.010405, 5.283890, 2.201680, 0.456543
4096,85,1, 0.90, 3.328257, 8.135883, 2.247783, 0.476609
4096,85,1, 1.00, 3.573407, 11.643222, 2.226862, 0.494135
4096,90,1, 0.50, 2.368598, 3.875015, 2.562936, 0.345570
4096,90,1, 0.60, 2.591304, 4.534806, 2.391762, 0.427827
4096,90,1, 0.70, 2.918109, 4.636028, 2.328215, 0.444756
4096,90,1, 0.80, 3.258901, 5.922496, 2.352446, 0.457120
4096,90,1, 0.90, 3.567232, 7.910436, 2.381099, 0.458227
4096,90,1, 1.00, 3.812390, 11.031042, 2.375216, 0.487822
4096,90,1, 0.50, 2.367581, 3.784684, 2.418702, 0.349236
4096,90,1, 0.60, 2.592158, 4.089995, 2.457024, 0.424469
4096,90,1, 0.70, 2.917232, 4.703649, 2.400662, 0.444897
4096,90,1, 0.80, 3.258246, 5.938402, 2.388200, 0.450559
4096,90,1, 0.90, 3.567712, 7.957197, 2.391963, 0.464325
4096,90,1, 1.00, 3.812282, 11.497852, 2.406708, 0.485125
4096,90,1, 0.50, 2.367794, 3.903264, 2.354465, 0.540006
4096,90,1, 0.60, 2.592393, 5.267578, 2.352121, 0.422221
4096,90,1, 0.70, 2.917590, 4.699869, 2.362725, 0.501466
4096,90,1, 0.80, 3.258714, 5.780859, 2.348118, 0.459942
4096,90,1, 0.90, 3.575553, 7.281006, 2.361780, 0.459401
4096,90,1, 1.00, 3.811065, 11.571376, 2.428316, 0.487076
4096,90,1, 0.50, 2.367548, 3.818290, 2.418768, 0.350017
4096,90,1, 0.60, 2.592318, 4.011146, 2.371157, 0.424440
4096,90,1, 0.70, 2.917645, 4.705335, 2.381719, 0.480275
4096,90,1, 0.80, 3.259378, 5.950665, 2.382310, 0.519328
4096,90,1, 0.90, 3.565977, 7.965877, 2.351570, 0.464654
4096,90,1, 1.00, 3.811873, 11.246744, 2.342589, 0.497573
4096,90,1, 0.50, 2.368322, 3.756835, 2.399262, 0.349588
4096,90,1, 0.60, 2.592033, 4.016085, 2.345904, 0.458720
4096,90,1, 0.70, 2.917216, 4.601870, 2.346346, 0.442784
4096,90,1, 0.80, 3.259682, 5.835145, 2.320920, 0.461338
4096,90,1, 0.90, 3.566458, 8.379473, 2.345461, 0.825482
4096,90,1, 1.00, 3.812505, 11.700954, 2.416988, 0.492508
4096,95,1, 0.50, 2.866413, 3.714750, 2.685682, 0.318464
4096,95,1, 0.60, 3.154941, 3.815058, 2.514822, 0.336756
4096,95,1, 0.70, 3.429536, 4.181606, 2.500767, 0.378336
4096,95,1, 0.80, 3.771934, 5.345881, 2.559175, 0.399422
4096,95,1, 0.90, 4.105521, 7.129125, 2.531034, 0.416276
4096,95,1, 1.00, 4.344360, 10.378316, 2.482620, 0.442720
4096,95,1, 0.50, 2.866683, 3.556239, 2.480324, 0.325482
4096,95,1, 0.60, 3.155662, 3.777847, 2.479877, 0.336997
4096,95,1, 0.70, 3.428383, 4.241659, 2.517075, 0.376068
4096,95,1, 0.80, 3.766449, 5.141515, 2.491964, 0.391583
4096,95,1, 0.90, 4.106067, 7.061542, 2.543164, 0.414227
4096,95,1, 1.00, 4.341884, 8.241892, 2.541908, 0.423749
4096,95,1, 0.50, 2.866584, 3.562769, 2.476041, 0.322588
4096,95,1, 0.60, 3.156510, 3.843726, 2.503822, 0.334778
4096,95,1, 0.70, 3.426867, 4.222686, 2.510734, 0.378908
4096,95,1, 0.80, 3.765439, 5.253928, 2.499145, 0.394662
4096,95,1, 0.90, 4.105228, 7.130728, 2.498751, 0.409429
4096,95,1, 1.00, 4.344121, 10.573332, 2.479942, 0.444626
4096,95,1, 0.50, 2.864890, 3.652369, 2.553891, 0.324716
4096,95,1, 0.60, 3.154480, 3.871794, 2.499675, 0.410967
4096,95,1, 0.70, 3.428951, 4.246201, 2.519518, 0.376273
4096,95,1, 0.80, 3.766608, 5.275799, 2.503711, 0.395016
4096,95,1, 0.90, 4.105157, 7.144367, 2.467061, 0.417958
4096,95,1, 1.00, 4.345437, 10.574744, 2.496482, 0.450907
4096,95,1, 0.50, 2.866549, 3.551579, 2.475263, 0.327746
4096,95,1, 0.60, 3.155306, 3.768715, 2.457393, 0.337807
4096,95,1, 0.70, 3.427414, 4.222084, 2.498625, 0.381622
4096,95,1, 0.80, 3.772915, 5.199143, 2.509654, 0.399560
4096,95,1, 0.90, 4.105556, 7.258491, 2.564360, 0.413882
4096,95,1, 1.00, 4.345144, 10.441775, 2.500583, 0.447851
4096,98,1, 0.50, 3.807752, 3.640799, 2.742455, 0.370015
4096,98,1, 0.60, 4.035901, 3.477333, 2.600934, 0.308460
4096,98,1, 0.70, 4.420939, 3.606762, 2.520113, 0.258297
4096,98,1, 0.80, 4.853633, 4.406876, 2.679167, 0.283572
4096,98,1, 0.90, 5.139321, 5.121862, 2.589211, 0.310644
4096,98,1, 1.00, 5.485430, 7.766770, 2.536778, 0.346811
4096,98,1, 0.50, 3.807163, 3.531299, 2.596637, 0.379104
4096,98,1, 0.60, 4.036178, 3.411689, 2.546212, 0.304671
4096,98,1, 0.70, 4.419182, 3.700458, 2.615858, 0.255527
4096,98,1, 0.80, 4.852079, 4.264905, 2.559931, 0.286530
4096,98,1, 0.90, 5.141654, 5.229288, 2.621889, 0.314552
4096,98,1, 1.00, 5.485590, 7.917484, 2.534953, 0.546799
4096,98,1, 0.50, 3.807120, 3.519408, 2.580060, 0.378683
4096,98,1, 0.60, 4.035608, 3.459532, 2.590320, 0.303652
4096,98,1, 0.70, 4.419841, 3.662093, 2.581051, 0.255534
4096,98,1, 0.80, 4.851425, 4.317855, 2.569534, 0.288236
4096,98,1, 0.90, 5.138587, 5.237457, 2.535103, 0.408292
4096,98,1, 1.00, 5.485600, 7.815305, 2.596463, 0.344527
4096,98,1, 0.50, 3.807731, 3.532977, 2.615398, 0.371315
4096,98,1, 0.60, 4.036406, 3.460642, 2.594109, 0.308429
4096,98,1, 0.70, 4.420023, 3.673343, 2.599282, 0.255765
4096,98,1, 0.80, 4.852533, 4.325278, 2.581344, 0.287552
4096,98,1, 0.90, 5.141470, 5.233331, 2.609485, 0.317605
4096,98,1, 1.00, 5.486199, 7.929701, 2.571276, 0.344852
4096,98,1, 0.50, 3.808087, 3.572167, 2.634144, 0.376078
4096,98,1, 0.60, 4.035866, 3.484645, 2.538008, 0.375796
4096,98,1, 0.70, 4.421632, 3.654189, 2.542121, 0.255389
4096,98,1, 0.80, 4.850600, 4.167049, 2.503505, 0.288589
4096,98,1, 0.90, 5.141649, 4.850263, 2.542376, 0.313078
4096,98,1, 1.00, 5.482167, 7.854278, 2.538950, 0.348309
8192,80,1, 0.50, 2.058634, 18.705913, 8.904490, 1.755629
8192,80,1, 0.60, 2.372013, 22.857545, 8.314783, 1.872082
8192,80,1, 0.70, 2.718983, 32.342986, 8.427961, 1.878616
8192,80,1, 0.80, 3.109581, 52.333120, 8.663948, 1.938560
8192,80,1, 0.90, 3.468199, 81.087612, 8.510135, 2.065818
8192,80,1, 1.00, 3.745574, 129.247985, 8.265253, 2.252923
8192,80,1, 0.50, 2.058469, 17.925329, 8.437988, 1.780511
8192,80,1, 0.60, 2.371927, 22.842511, 8.322266, 1.857613
8192,80,1, 0.70, 2.719333, 35.054464, 8.545255, 1.888685
8192,80,1, 0.80, 3.109673, 50.366878, 8.534076, 1.915561
8192,80,1, 0.90, 3.468070, 81.055187, 8.577607, 2.077663
8192,80,1, 1.00, 3.746218, 134.026626, 8.522176, 2.459839
8192,80,1, 0.50, 2.058290, 18.185045, 8.666542, 1.774318
8192,80,1, 0.60, 2.372209, 23.241156, 8.562044, 1.892310
8192,80,1, 0.70, 2.719396, 32.572600, 8.471403, 1.900196
8192,80,1, 0.80, 3.109848, 50.518591, 8.531566, 1.883666
8192,80,1, 0.90, 3.467809, 81.169402, 8.564559, 2.059635
8192,80,1, 1.00, 3.746078, 127.246350, 8.495518, 2.460125
8192,80,1, 0.50, 2.058706, 17.921379, 8.483309, 1.767122
8192,80,1, 0.60, 2.371834, 22.988455, 8.493619, 1.892860
8192,80,1, 0.70, 2.719451, 32.106523, 8.777053, 1.892586
8192,80,1, 0.80, 3.109758, 50.646185, 8.532524, 1.905267
8192,80,1, 0.90, 3.468231, 81.973539, 8.491286, 2.068880
8192,80,1, 1.00, 3.745888, 137.004549, 8.516214, 2.489334
8192,80,1, 0.50, 2.058511, 18.007829, 8.517628, 1.822221
8192,80,1, 0.60, 2.371730, 22.985760, 8.462113, 1.875052
8192,80,1, 0.70, 2.719319, 32.293230, 8.425858, 1.885805
8192,80,1, 0.80, 3.109775, 50.378859, 8.407928, 1.897650
8192,80,1, 0.90, 3.468361, 76.518610, 8.605879, 2.117732
8192,80,1, 1.00, 3.745427, 137.461506, 8.500562, 2.479284
8192,85,1, 0.50, 2.215046, 18.491144, 9.241550, 1.720835
8192,85,1, 0.60, 2.539002, 23.284470, 8.916693, 1.830789
8192,85,1, 0.70, 2.891894, 32.839917, 9.043489, 1.894224
8192,85,1, 0.80, 3.286973, 50.728246, 9.084094, 1.879969
8192,85,1, 0.90, 3.627637, 75.828624, 8.899895, 2.127139
8192,85,1, 1.00, 3.925298, 138.376013, 9.137440, 2.488103
8192,85,1, 0.50, 2.214921, 18.089164, 8.955562, 1.710604
8192,85,1, 0.60, 2.538836, 24.182220, 9.100365, 1.877303
8192,85,1, 0.70, 2.892201, 33.939181, 8.970012, 1.904920
8192,85,1, 0.80, 3.271709, 50.455437, 8.958615, 1.943504
8192,85,1, 0.90, 3.627724, 80.920734, 9.113253, 2.101986
8192,85,1, 1.00, 3.925311, 135.207536, 9.044135, 2.430926
8192,85,1, 0.50, 2.214835, 18.270085, 9.095891, 1.706903
8192,85,1, 0.60, 2.538864, 23.339474, 8.920504, 1.868560
8192,85,1, 0.70, 2.891942, 34.497120, 8.976951, 1.907701
8192,85,1, 0.80, 3.286427, 50.942412, 8.905864, 1.905498
8192,85,1, 0.90, 3.627667, 80.608891, 9.071213, 2.054989
8192,85,1, 1.00, 3.925147, 128.409070, 8.859540, 2.472162
8192,85,1, 0.50, 2.215025, 18.048411, 8.892461, 1.719491
8192,85,1, 0.60, 2.539046, 24.100732, 9.060523, 1.855106
8192,85,1, 0.70, 2.892049, 32.381650, 8.950508, 1.909361
8192,85,1, 0.80, 3.286786, 51.071861, 9.214444, 1.883774
8192,85,1, 0.90, 3.627475, 80.431671, 8.975093, 2.072363
8192,85,1, 1.00, 3.924996, 127.843781, 9.012765, 2.441335
8192,85,1, 0.50, 2.214989, 18.065194, 8.938669, 1.715682
8192,85,1, 0.60, 2.538807, 23.194091, 8.950841, 1.872539
8192,85,1, 0.70, 2.891663, 32.834713, 9.045502, 1.894066
8192,85,1, 0.80, 3.286782, 50.943246, 9.140755, 1.867202
8192,85,1, 0.90, 3.627504, 79.817921, 8.913675, 2.235008
8192,85,1, 1.00, 3.924962, 137.844672, 8.969367, 2.524204
8192,90,1, 0.50, 2.519232, 19.640763, 10.014019, 1.579560
8192,90,1, 0.60, 2.762663, 22.138757, 9.544601, 1.754546
8192,90,1, 0.70, 3.134132, 31.756717, 9.649003, 1.820623
8192,90,1, 0.80, 3.519872, 49.423002, 9.559320, 2.169864
8192,90,1, 0.90, 3.881708, 79.122097, 9.632484, 2.108194
8192,90,1, 1.00, 4.162242, 136.412711, 9.503134, 2.493485
8192,90,1, 0.50, 2.519072, 19.127711, 9.537449, 1.624431
8192,90,1, 0.60, 2.762050, 22.957454, 9.538520, 1.763800
8192,90,1, 0.70, 3.134700, 32.098194, 9.602342, 1.819548
8192,90,1, 0.80, 3.520278, 49.291927, 9.582216, 1.848871
8192,90,1, 0.90, 3.881569, 79.781194, 9.595892, 2.045872
8192,90,1, 1.00, 4.162727, 126.547401, 9.629981, 2.258263
8192,90,1, 0.50, 2.518984, 18.109457, 9.463721, 1.602181
8192,90,1, 0.60, 2.762681, 22.829171, 9.636294, 1.774811
8192,90,1, 0.70, 3.134551, 31.813006, 9.715383, 1.809022
8192,90,1, 0.80, 3.520396, 49.357215, 9.588901, 1.845798
8192,90,1, 0.90, 3.881339, 80.651559, 9.720679, 2.065149
8192,90,1, 1.00, 4.162917, 129.171060, 9.477281, 2.474546
8192,90,1, 0.50, 2.519027, 18.244974, 9.515454, 1.619432
8192,90,1, 0.60, 2.762791, 21.726769, 9.695598, 1.765400
8192,90,1, 0.70, 3.135004, 31.041168, 9.520679, 1.865440
8192,90,1, 0.80, 3.519758, 50.222048, 9.796316, 1.871290
8192,90,1, 0.90, 3.881282, 79.436158, 9.416243, 2.036058
8192,90,1, 1.00, 4.163157, 133.535104, 9.545502, 2.446482
8192,90,1, 0.50, 2.518773, 18.222791, 9.590217, 1.599825
8192,90,1, 0.60, 2.762617, 22.274245, 9.721072, 1.750793
8192,90,1, 0.70, 3.134384, 33.870151, 9.420440, 1.814227
8192,90,1, 0.80, 3.519900, 50.411699, 9.686739, 1.873022
8192,90,1, 0.90, 3.881138, 80.202307, 9.484369, 2.124808
8192,90,1, 1.00, 4.162660, 133.135345, 9.423248, 2.439432
8192,95,1, 0.50, 3.019486, 16.642046, 10.309935, 1.304588
8192,95,1, 0.60, 3.266469, 19.086753, 10.070829, 1.366487
8192,95,1, 0.70, 3.679910, 28.733451, 10.219506, 2.313745
8192,95,1, 0.80, 4.035145, 41.534543, 10.078673, 1.648345
8192,95,1, 0.90, 4.412977, 69.853637, 9.963440, 1.909772
8192,95,1, 1.00, 4.706391, 125.798995, 10.200282, 2.321797
8192,95,1, 0.50, 3.019151, 16.472469, 10.321694, 1.220792
8192,95,1, 0.60, 3.265940, 18.873203, 10.074501, 1.374780
8192,95,1, 0.70, 3.680089, 27.394463, 9.894599, 1.571134
8192,95,1, 0.80, 4.033823, 41.697681, 10.100601, 1.673642
8192,95,1, 0.90, 4.412952, 70.029444, 10.049253, 1.907563
8192,95,1, 1.00, 4.705940, 122.295147, 10.185586, 2.269966
8192,95,1, 0.50, 3.019695, 16.690316, 10.354720, 1.218984
8192,95,1, 0.60, 3.266012, 19.182463, 10.173701, 1.375121
8192,95,1, 0.70, 3.680506, 27.667485, 10.251290, 1.548839
8192,95,1, 0.80, 4.033901, 41.656130, 10.272866, 1.645996
8192,95,1, 0.90, 4.411735, 70.066792, 10.160707, 1.884915
8192,95,1, 1.00, 4.706558, 117.049746, 10.093844, 2.269878
8192,95,1, 0.50, 3.019361, 16.302768, 9.982390, 1.233824
8192,95,1, 0.60, 3.266970, 19.442258, 10.365791, 1.386112
8192,95,1, 0.70, 3.680861, 27.465838, 10.176268, 1.527447
8192,95,1, 0.80, 4.033991, 40.142544, 9.996895, 1.687570
8192,95,1, 0.90, 4.412998, 69.986006, 10.194181, 1.884316
8192,95,1, 1.00, 4.706936, 123.313652, 10.069945, 2.328399
8192,95,1, 0.50, 3.019434, 16.405523, 10.166234, 1.217568
8192,95,1, 0.60, 3.266393, 19.138682, 10.044685, 1.374907
8192,95,1, 0.70, 3.680894, 28.006549, 10.147100, 1.665791
8192,95,1, 0.80, 4.033498, 41.648920, 10.296165, 1.653796
8192,95,1, 0.90, 4.412742, 69.961470, 10.278530, 1.888070
8192,95,1, 1.00, 4.706405, 118.779931, 9.925295, 2.283204
8192,98,1, 0.50, 4.046587, 14.844597, 10.727874, 1.221783
8192,98,1, 0.60, 4.147895, 14.070415, 10.129348, 1.023042
8192,98,1, 0.70, 4.613092, 19.459326, 10.350348, 1.103723
8192,98,1, 0.80, 5.139559, 29.065473, 10.240558, 1.274901
8192,98,1, 0.90, 5.556993, 48.535798, 10.742652, 1.443846
8192,98,1, 1.00, 5.872139, 89.308192, 10.298142, 1.735945
8192,98,1, 0.50, 4.047189, 14.450133, 10.318761, 1.229881
8192,98,1, 0.60, 4.148107, 14.417385, 10.464011, 1.028159
8192,98,1, 0.70, 4.611479, 20.723744, 10.401913, 1.100412
8192,98,1, 0.80, 5.139924, 30.507706, 10.496662, 1.258280
8192,98,1, 0.90, 5.556350, 50.900011, 10.430653, 1.471123
8192,98,1, 1.00, 5.872852, 89.536007, 10.427520, 1.722776
8192,98,1, 0.50, 4.047286, 14.565465, 10.451684, 1.219538
8192,98,1, 0.60, 4.147717, 14.446336, 10.502294, 1.028973
8192,98,1, 0.70, 4.612699, 19.682737, 10.376859, 1.181849
8192,98,1, 0.80, 5.138446, 30.033077, 10.542840, 1.261433
8192,98,1, 0.90, 5.557432, 50.806994, 10.479255, 1.461067
8192,98,1, 1.00, 5.873704, 83.418598, 10.465852, 1.722526
8192,98,1, 0.50, 4.047263, 14.556605, 10.420693, 1.222050
8192,98,1, 0.60, 4.147919, 14.310206, 10.402927, 1.021877
8192,98,1, 0.70, 4.613585, 19.923209, 10.707394, 1.104532
8192,98,1, 0.80, 5.138015, 29.487847, 10.364440, 1.269833
8192,98,1, 0.90, 5.557127, 48.245688, 10.459433, 1.484322
8192,98,1, 1.00, 5.872097, 89.541406, 10.584915, 1.943248
8192,98,1, 0.50, 4.047010, 14.659012, 10.464743, 1.271299
8192,98,1, 0.60, 4.147534, 14.388901, 10.438085, 1.030550
8192,98,1, 0.70, 4.612303, 19.537246, 10.483697, 1.108970
8192,98,1, 0.80, 5.138040, 29.833718, 10.428494, 1.244585
8192,98,1, 0.90, 5.557359, 51.420437, 10.702105, 1.465991
8192,98,1, 1.00, 5.872938, 89.314463, 10.335777, 1.713977
16384,80,1, 0.50, 2.236388, 90.672973, 39.571212, 7.424183
16384,80,1, 0.60, 2.535984, 109.581975, 34.580973, 7.535327
16384,80,1, 0.70, 2.962890, 167.235806, 35.279906, 7.490688
16384,80,1, 0.80, 3.385288, 269.559978, 33.762724, 8.015344
16384,80,1, 0.90, 3.783483, 491.828423, 34.706565, 9.300568
16384,80,1, 1.00, 4.105048, 854.987532, 34.754303, 11.024106
16384,80,1, 0.50, 2.236400, 97.454674, 48.069555, 7.339393
16384,80,1, 0.60, 2.535783, 110.034240, 35.317145, 7.494448
16384,80,1, 0.70, 2.962967, 166.752936, 34.093337, 7.542406
16384,80,1, 0.80, 3.385236, 282.515267, 35.544817, 7.921014
16384,80,1, 0.90, 3.783541, 470.103327, 34.985040, 9.243100
16384,80,1, 1.00, 4.105155, 854.573428, 35.035403, 10.950150
16384,80,1, 0.50, 2.236441, 85.264374, 34.882516, 8.090629
16384,80,1, 0.60, 2.535944, 113.813356, 35.064502, 8.127723
16384,80,1, 0.70, 2.963003, 168.269831, 35.386350, 7.728019
16384,80,1, 0.80, 3.385202, 282.233691, 34.897096, 8.166024
16384,80,1, 0.90, 3.783497, 469.797965, 35.076512, 9.333435
16384,80,1, 1.00, 4.105187, 831.296318, 35.059701, 10.693795
16384,80,1, 0.50, 2.236497, 83.683014, 33.981209, 7.559578
16384,80,1, 0.60, 2.535936, 112.514519, 34.457135, 7.578905
16384,80,1, 0.70, 2.962867, 167.092451, 34.447738, 7.693431
16384,80,1, 0.80, 3.385586, 283.652936, 35.039434, 8.294484
16384,80,1, 0.90, 3.783760, 467.636737, 34.870432, 9.262473
16384,80,1, 1.00, 4.105131, 839.561596, 35.773103, 9.486667
16384,80,1, 0.50, 2.236478, 83.414524, 33.945905, 7.345095
16384,80,1, 0.60, 2.535747, 109.995871, 35.566655, 7.415085
16384,80,1, 0.70, 2.962973, 175.862625, 35.257266, 7.303876
16384,80,1, 0.80, 3.385356, 271.118512, 34.689360, 7.955564
16384,80,1, 0.90, 3.783633, 465.964126, 34.702165, 9.166067
16384,80,1, 1.00, 4.104991, 831.080420, 34.466786, 10.897972
16384,85,1, 0.50, 2.310413, 79.812594, 37.548052, 6.722847
16384,85,1, 0.60, 2.703016, 113.197766, 36.594070, 7.521531
16384,85,1, 0.70, 3.101171, 164.247455, 36.806655, 7.663987
16384,85,1, 0.80, 3.562974, 295.438638, 37.157011, 7.984562
16384,85,1, 0.90, 3.961899, 465.682821, 36.578358, 9.449523
16384,85,1, 1.00, 4.290818, 851.461283, 37.491060, 10.912275
16384,85,1, 0.50, 2.310457, 79.636048, 37.131989, 6.760183
16384,85,1, 0.60, 2.702935, 109.855249, 36.661169, 7.456698
16384,85,1, 0.70, 3.101221, 164.557638, 37.394950, 7.600152
16384,85,1, 0.80, 3.562998, 285.442220, 37.194912, 8.032121
16384,85,1, 0.90, 3.961981, 471.207328, 37.388364, 9.243458
16384,85,1, 1.00, 4.290738, 836.642121, 37.289735, 10.760060
16384,85,1, 0.50, 2.310299, 80.983794, 37.709222, 6.775642
16384,85,1, 0.60, 2.702859, 110.920403, 36.772089, 7.554797
16384,85,1, 0.70, 3.100927, 164.987782, 37.095926, 7.679673
16384,85,1, 0.80, 3.563154, 285.483161, 36.143639, 8.183940
16384,85,1, 0.90, 3.961880, 474.223112, 37.233881, 9.321935
16384,85,1, 1.00, 4.290600, 841.199031, 37.000520, 10.867386
16384,85,1, 0.50, 2.310296, 80.313082, 37.637557, 6.779609
16384,85,1, 0.60, 2.702727, 114.511079, 37.014888, 7.463812
16384,85,1, 0.70, 3.101229, 164.819898, 35.945749, 7.664726
16384,85,1, 0.80, 3.562996, 272.880989, 37.403928, 8.086731
16384,85,1, 0.90, 3.961767, 466.298751, 37.249946, 9.392900
16384,85,1, 1.00, 4.290734, 833.440260, 36.922127, 11.195579
16384,85,1, 0.50, 2.310411, 80.008575, 37.234725, 6.705903
16384,85,1, 0.60, 2.702897, 111.461688, 37.973914, 7.428325
16384,85,1, 0.70, 3.100944, 173.686372, 37.553222, 7.525065
16384,85,1, 0.80, 3.562997, 274.197447, 37.255419, 8.160500
16384,85,1, 0.90, 3.961956, 465.435436, 36.883478, 9.160850
16384,85,1, 1.00, 4.290917, 832.714832, 36.840717, 10.897527
16384,90,1, 0.50, 2.597939, 80.464682, 40.003503, 6.897095
16384,90,1, 0.60, 2.932276, 105.941502, 39.172108, 7.211631
16384,90,1, 0.70, 3.350216, 168.120504, 38.532354, 7.320293
16384,90,1, 0.80, 3.780904, 276.565215, 39.386934, 7.946866
16384,90,1, 0.90, 4.192730, 479.109688, 38.681427, 9.242855
16384,90,1, 1.00, 4.532028, 831.617700, 38.953391, 10.974645
16384,90,1, 0.50, 2.597700, 79.529203, 38.527164, 6.995665
16384,90,1, 0.60, 2.932159, 106.512535, 39.781008, 7.192924
16384,90,1, 0.70, 3.350225, 169.237322, 39.358168, 7.285428
16384,90,1, 0.80, 3.781094, 263.377988, 39.505351, 8.052192
16384,90,1, 0.90, 4.192326, 455.435400, 38.748008, 9.290123
16384,90,1, 1.00, 4.531595, 831.626441, 38.631051, 10.864746
16384,90,1, 0.50, 2.597596, 80.173495, 39.064313, 7.014801
16384,90,1, 0.60, 2.931967, 106.840023, 39.772308, 7.212377
16384,90,1, 0.70, 3.350204, 161.305016, 39.681496, 7.370926
16384,90,1, 0.80, 3.781116, 278.457530, 38.932528, 7.942962
16384,90,1, 0.90, 4.192409, 455.765495, 39.036067, 9.279778
16384,90,1, 1.00, 4.531922, 832.282922, 40.012418, 10.900406
16384,90,1, 0.50, 2.597960, 79.679140, 38.571908, 6.965267
16384,90,1, 0.60, 2.932166, 106.010046, 39.046298, 7.291021
16384,90,1, 0.70, 3.350295, 160.832522, 39.335954, 7.508343
16384,90,1, 0.80, 3.780855, 274.864155, 38.954771, 7.988626
16384,90,1, 0.90, 4.192420, 457.220912, 38.515501, 9.295246
16384,90,1, 1.00, 4.531833, 831.792966, 39.264700, 10.931689
16384,90,1, 0.50, 2.597648, 79.544870, 38.472600, 7.015827
16384,90,1, 0.60, 2.931986, 105.557342, 38.225786, 7.308547
16384,90,1, 0.70, 3.350231, 161.835169, 39.411966, 7.439852
16384,90,1, 0.80, 3.781016, 261.267683, 38.609159, 8.054432
16384,90,1, 0.90, 4.192411, 454.800087, 39.614759, 9.233331
16384,90,1, 1.00, 4.531809, 832.797605, 39.497728, 10.892880
16384,95,1, 0.50, 3.020705, 67.353291, 41.961178, 4.878314
16384,95,1, 0.60, 3.442257, 90.133676, 41.325818, 6.196185
16384,95,1, 0.70, 3.870778, 137.831708, 41.412004, 6.595203
16384,95,1, 0.80, 4.349808, 235.240617, 41.037971, 7.317257
16384,95,1, 0.90, 4.753768, 414.232304, 41.516892, 8.674970
16384,95,1, 1.00, 5.077090, 775.819881, 40.115155, 10.100250
16384,95,1, 0.50, 3.020745, 66.043146, 40.679811, 5.044843
16384,95,1, 0.60, 3.442126, 89.361346, 41.670219, 6.261775
16384,95,1, 0.70, 3.870473, 138.387402, 41.698641, 6.600949
16384,95,1, 0.80, 4.349661, 258.451301, 40.761569, 8.015578
16384,95,1, 0.90, 4.753802, 414.104191, 40.424836, 8.613197
16384,95,1, 1.00, 5.077357, 781.775629, 41.996027, 10.093892
16384,95,1, 0.50, 3.020800, 66.980009, 41.405968, 5.037178
16384,95,1, 0.60, 3.442224, 89.952639, 40.662932, 6.220990
16384,95,1, 0.70, 3.870914, 141.305891, 40.124494, 6.528304
16384,95,1, 0.80, 4.350115, 254.940303, 41.921964, 7.270041
16384,95,1, 0.90, 4.753989, 450.811349, 41.154400, 8.517325
16384,95,1, 1.00, 5.077380, 779.798205, 39.775395, 10.069482
16384,95,1, 0.50, 3.021567, 66.357684, 40.743719, 5.120549
16384,95,1, 0.60, 3.442550, 89.332469, 41.491925, 6.165083
16384,95,1, 0.70, 3.870732, 138.410640, 42.053787, 6.556559
16384,95,1, 0.80, 4.349737, 253.317143, 40.604090, 7.316928
16384,95,1, 0.90, 4.753721, 412.132549, 40.707316, 8.578512
16384,95,1, 1.00, 5.077460, 779.740150, 41.050602, 10.156599
16384,95,1, 0.50, 3.021099, 67.589235, 42.240148, 5.004304
16384,95,1, 0.60, 3.442159, 88.949180, 40.991618, 6.263977
16384,95,1, 0.70, 3.870459, 137.179781, 41.178162, 6.508732
16384,95,1, 0.80, 4.349371, 235.687505, 40.838121, 7.413122
16384,95,1, 0.90, 4.753598, 430.861687, 41.014233, 8.467023
16384,95,1, 1.00, 5.077171, 779.835864, 41.021821, 10.191788
16384,98,1, 0.50, 4.048857, 58.984395, 42.576334, 5.058731
16384,98,1, 0.60, 4.432971, 68.348911, 41.373296, 4.289113
16384,98,1, 0.70, 4.944677, 100.761498, 42.788815, 4.786899
16384,98,1, 0.80, 5.388754, 158.412923, 41.815911, 5.737481
16384,98,1, 0.90, 5.951786, 302.937515, 42.564415, 6.661416
16384,98,1, 1.00, 6.283924, 589.264300, 43.136679, 7.963988
16384,98,1, 0.50, 4.049207, 59.369192, 42.808594, 5.033017
16384,98,1, 0.60, 4.433099, 69.775887, 42.375815, 4.295476
16384,98,1, 0.70, 4.944774, 100.234250, 41.794106, 4.946060
16384,98,1, 0.80, 5.389564, 157.869785, 42.288560, 5.774649
16384,98,1, 0.90, 5.952389, 302.318745, 42.279001, 6.554110
16384,98,1, 1.00, 6.283416, 586.320384, 42.494243, 7.670404
16384,98,1, 0.50, 4.049607, 59.892870, 43.365981, 5.022399
16384,98,1, 0.60, 4.433783, 70.170522, 43.125679, 4.198573
16384,98,1, 0.70, 4.944252, 100.504217, 42.031398, 4.908928
16384,98,1, 0.80, 5.389117, 157.575178, 41.506317, 5.768338
16384,98,1, 0.90, 5.951850, 327.799824, 41.040918, 6.803347
16384,98,1, 1.00, 6.283334, 597.510091, 43.121312, 7.697704
16384,98,1, 0.50, 4.049436, 60.768822, 43.598011, 4.984635
16384,98,1, 0.60, 4.433231, 69.183972, 42.216893, 4.272924
16384,98,1, 0.70, 4.945290, 101.887795, 43.191690, 4.941252
16384,98,1, 0.80, 5.389197, 158.834602, 42.705898, 5.776174
16384,98,1, 0.90, 5.951581, 302.099534, 42.203230, 6.584891
16384,98,1, 1.00, 6.283178, 582.726320, 41.959368, 7.565548
16384,98,1, 0.50, 4.049379, 58.860583, 42.259228, 5.040444
16384,98,1, 0.60, 4.433353, 70.223813, 43.275203, 4.255936
16384,98,1, 0.70, 4.944528, 100.865044, 42.164504, 4.952899
16384,98,1, 0.80, 5.389295, 158.732162, 42.429896, 5.762792
16384,98,1, 0.90, 5.951722, 325.888566, 43.357993, 6.730536
16384,98,1, 1.00, 6.283799, 583.082752, 42.615372, 7.573947
32768,80,1, 0.50, 2.308462, 364.332604, 142.011166, 28.817490
32768,80,1, 0.60, 2.732054, 546.980040, 142.609656, 30.783988
32768,80,1, 0.70, 3.159320, 854.001517, 144.558462, 30.391917
32768,80,1, 0.80, 3.664698, 1512.178520, 142.811440, 34.292254
32768,80,1, 0.90, 4.112304, 2761.570737, 144.525231, 40.800868
32768,80,1, 1.00, 4.465867, 5235.025593, 143.039499, 44.627168
32768,80,1, 0.50, 2.308417, 371.542780, 145.716014, 29.087272
32768,80,1, 0.60, 2.732011, 545.796773, 143.639963, 30.469375
32768,80,1, 0.70, 3.159356, 849.284241, 140.960197, 30.750913
32768,80,1, 0.80, 3.664553, 1507.042767, 144.397516, 34.160433
32768,80,1, 0.90, 4.112400, 2756.666255, 139.398835, 41.029026
